eid,year,vol,iss,page,title,doi,cites,journal,id,ASJC,ASJC_full
84923082338,2015,27,4,431,"Optimism, community attachment and serostatus disclosure among HIV-positive men who have sex with men",http://dx.doi.org/10.1080/09540121.2014.987105,3,AIDS Care - Psychological and Socio-Medical Aspects of AIDS/HIV,VXZBF,3207,Social Psychology
84908092873,2014,5,7,796,Worth Keeping but Not Exceeding: Asymmetric Consequences of Breaking Versus Exceeding Promises,http://dx.doi.org/10.1177/1948550614533134,5,Social Psychological and Personality Science,GiFef,3203,Clinical Psychology
85007047689,2017,210,NA,72,The effect of treatment as usual on major depressive disorder: A meta-analysis,http://dx.doi.org/10.1016/j.jad.2016.12.013,6,Journal of Affective Disorders,gPksV,3203,Clinical Psychology
84947218622,2015,6,OCT,NA,Binding lies,http://dx.doi.org/10.3389/fpsyg.2015.01566,0,Frontiers in Psychology,FnSIg,3200,General Psychology
85009469612,2017,28,1,92,The Relationship Between Mental Representations of Welfare Recipients and Attitudes Toward Welfare,http://dx.doi.org/10.1177/0956797616674999,10,Psychological Science,GiiWG,3200,General Psychology
85018242502,2015,41,4,395,"Do you see what I see? A comparative investigation of the Delboeuf illusion in humans (Homo sapiens), rhesus monkeys (Macaca mulatta), and capuchin monkeys (Cebus apella)",http://dx.doi.org/10.1037/xan0000078,10,Journal of Experimental Psychology: Animal Learning and Cognition,wfFwp,3205,Experimental and Cognitive Psychology
85032719604,2017,24,3,39,The role of support systems for the independence of individuals with intellectual disabilities,http://dx.doi.org/10.18848/2327-7963/CGP/v24i03/39-48,0,International Journal of Pedagogy and Curriculum,YSzDO,3204,Developmental and Educational Psychology
84948457436,2015,19,4,327,The impact of song-specific age and affective qualities of popular songs on music-evoked autobiographical memories (MEAMs),http://dx.doi.org/10.1177/1029864915597567,5,Musicae Scientiae,LaZfV,3205,Experimental and Cognitive Psychology
84894369001,2014,128,NA,39,Effects of hyperflexion on acute stress responses in ridden dressage horses,http://dx.doi.org/10.1016/j.physbeh.2014.01.024,19,Physiology and Behavior,boWcq,3205,Experimental and Cognitive Psychology
85021749745,2017,222,NA,112,The role of ventromedial prefrontal cortex volume in the association of expressive suppression and externally oriented thinking,http://dx.doi.org/10.1016/j.jad.2017.06.054,0,Journal of Affective Disorders,VEDlR,3203,Clinical Psychology
85008403590,2016,7,NA,44,The evolutionary future of psychopathology,http://dx.doi.org/10.1016/j.copsyc.2015.07.010,3,Current Opinion in Psychology,KANjd,3200,General Psychology
85028001041,2017,53,2,88,"Free association, group association, group dialogue - group analysis beyond the small group",NA,0,Gruppenpsychotherapie und Gruppendynamik,oSCmE,3203,Clinical Psychology
84900486492,2014,11,NA,67,Experiencing and governing safety in the night-time economy: Nurturing the state of being carefree,http://dx.doi.org/10.1016/j.emospa.2013.08.004,8,"Emotion, Space and Society",qjbem,3205,Experimental and Cognitive Psychology
84955482848,2016,42,2,259,On the Dominance of Attitude Emotionality,http://dx.doi.org/10.1177/0146167215623273,3,Personality and Social Psychology Bulletin,xRmhu,3207,Social Psychology
84956506638,2016,25,1,35,Reasons for doing physical activity and sports in women: The differences between practitioners and nonpractitioners,NA,6,Revista de Psicologia del Deporte,IPdKR,3202,Applied Psychology
84949293643,2016,36,1,54,Emotional and Motivational Engagement at School Transition: A Qualitative Stage-Environment Fit Study,http://dx.doi.org/10.1177/0272431614556348,3,Journal of Early Adolescence,GVIdX,3204,Developmental and Educational Psychology
84900522581,2014,22,1,235,Comparison between preference assessment with tangible items and digital items,http://dx.doi.org/10.9788/TP2014.1-18,0,Temas em Psicologia,fruLn,3200,General Psychology
84901367358,2014,16,1,137,A model of the materialistic self,NA,3,North American Journal of Psychology,EcnTV,3200,General Psychology
84954437576,2016,45,1,29,Perceptions of time at work: Why the clock ticks differently for men and women when they are not working at work,http://dx.doi.org/10.1108/PR-02-2014-0033,1,Personnel Review,nNYXD,3202,Applied Psychology
85041128429,2017,45,8,1066,"Attachment, Emotion Regulation Difficulties, and Disordered Eating Among College Women and Men ψ",http://dx.doi.org/10.1177/0011000017744884,0,Counseling Psychologist,MzbNa,3202,Applied Psychology
84923492872,2015,77,2,156,Effects of intranasal oxytocin on thermal pain in healthy men: A randomized functional magnetic resonance imaging study,http://dx.doi.org/10.1097/PSY.0000000000000142,15,Psychosomatic Medicine,CywSU,3202,Applied Psychology
84952674096,2016,81,NA,198,Conceptual size representation in ventral visual cortex,http://dx.doi.org/10.1016/j.neuropsychologia.2015.12.029,6,Neuropsychologia,flLVu,3205,Experimental and Cognitive Psychology
84897534544,2014,46,1,15,"Tensions Between Discourses of Development, Religion, and Human Capital in Early Childhood Education Policy Texts: The Case of Indonesia",http://dx.doi.org/10.1007/s13158-013-0097-y,7,International Journal of Early Childhood,tHfdJ,3204,Developmental and Educational Psychology
84920572757,2015,51,NA,1320,Creating recommendations on electronic books: A collaborative learning implicit approach,http://dx.doi.org/10.1016/j.chb.2014.10.057,7,Computers in Human Behavior,lvyGE,3200,General Psychology
85006804574,2017,53,NA,114,When young and older adults learn a map: The influence of individual visuo-spatial factors,http://dx.doi.org/10.1016/j.lindif.2016.12.002,3,Learning and Individual Differences,qmQOO,3204,Developmental and Educational Psychology
84911914860,2014,17,4,399,Posttraumatic Stress Following Acute Medical Trauma in Children: A Proposed Model of Bio-Psycho-Social Processes During the Peri-Trauma Period,http://dx.doi.org/10.1007/s10567-014-0174-2,26,Clinical Child and Family Psychology Review,MAcWC,3203,Clinical Psychology
85007196093,2016,10,1,56,Psychometric properties and structures of passionate and companionate love,http://dx.doi.org/10.5964/ijpr.v10i1.210,1,Interpersona,FMKhm,3204,Developmental and Educational Psychology
84974806546,2017,32,3,235,Exploring the Effects of Job Autonomy on Engagement and Creativity: The Moderating Role of Performance Pressure and Learning Goal Orientation,http://dx.doi.org/10.1007/s10869-016-9453-x,4,Journal of Business and Psychology,JBhWB,3200,General Psychology
84920541648,2014,77,1,97,The cued recognition task: dissociating the abrupt onset effect from the social and arrow cueing effect,http://dx.doi.org/10.3758/s13414-014-0763-7,1,"Attention, Perception, and Psychophysics",cEjhY,3200,General Psychology
84937840936,2015,54,1,13,The father and attachment's system in cotemporary family,http://dx.doi.org/10.3917/ctf.054.0013,0,Cahiers Critiques de Therapie Familiale et de Pratiques de Reseaux,WJXRh,3203,Clinical Psychology
85015097943,2017,82,4,904,Generalized Network Psychometrics: Combining Network and Latent Variable Models,http://dx.doi.org/10.1007/s11336-017-9557-x,21,Psychometrika,iCSqz,3200,General Psychology
84904406197,2014,8,JULY,NA,Instrument specific use-dependent plasticity shapes the anatomical properties of the corpus callosum: A comparison between musicians and non-musicians,http://dx.doi.org/10.3389/fnbeh.2014.00245,14,Frontiers in Behavioral Neuroscience,SFzWF,3206,Neuropsychology and Physiological Psychology
84897635476,2014,3,1,7,Remembering stories together: Social contagion and the moderating influence of disagreements in conversations,http://dx.doi.org/10.1016/j.jarmac.2013.12.002,6,Journal of Applied Research in Memory and Cognition,TYtiQ,3202,Applied Psychology
84969260902,2016,8,2,110,"Exploring emerging adults' relational spirituality: A longitudinal, mixed-methods analysis",http://dx.doi.org/10.1037/rel0000049,3,Psychology of Religion and Spirituality,EgIjm,3202,Applied Psychology
84945462081,2015,27,10,1343,"Comparing the characteristics of people living with and without HIV in long-term care and home care in Ontario, Canada",http://dx.doi.org/10.1080/09540121.2015.1058893,3,AIDS Care - Psychological and Socio-Medical Aspects of AIDS/HIV,KuEds,3207,Social Psychology
84922568116,2014,49,C,13,Quality of language intervention provided to primary-grade students with language impairment,http://dx.doi.org/10.1016/j.jcomdis.2014.03.001,9,Journal of Communication Disorders,ucuKc,3205,Experimental and Cognitive Psychology
84896103894,2014,106,3,799,"Impact of a teacher-led intervention on preference for self-regulated learning, finding main ideas in expository texts, and reading comprehension",http://dx.doi.org/10.1037/a0036035,8,Journal of Educational Psychology,xOYcP,3204,Developmental and Educational Psychology
85016444380,2017,54,NA,34,Do kinematic metrics of walking balance adapt to perturbed optical flow?,http://dx.doi.org/10.1016/j.humov.2017.03.004,1,Human Movement Science,AdhVU,3205,Experimental and Cognitive Psychology
84903551818,2014,37,3,312,Not so simple: The multidimensional nature and diverse origins of political ideology,http://dx.doi.org/10.1017/S0140525X13002562,7,Behavioral and Brain Sciences,keQBm,3206,Neuropsychology and Physiological Psychology
85031417450,2017,21,13,1063,Health Care Costs Associated With Parent-Reported ADHD: A Longitudinal Australian Population–Based Study,http://dx.doi.org/10.1177/1087054713491494,1,Journal of Attention Disorders,ldnNm,3203,Clinical Psychology
84923070131,2015,36,S1,119,Emotions and emotion regulation in intractable conflict: Studying emotional processes within a unique context,http://dx.doi.org/10.1111/pops.12236,15,Political Psychology,ovyOI,3203,Clinical Psychology
84901769644,2014,62,2,128,College major choice in STEM: Revisiting confidence and demographic factors,http://dx.doi.org/10.1002/j.2161-0045.2014.00075.x,37,Career Development Quarterly,hkNiS,3200,General Psychology
85004125512,2017,62,1,69,Social competence in pediatric burn survivors: A systematic review,http://dx.doi.org/10.1037/rep0000116,1,Rehabilitation Psychology,gnJRI,3203,Clinical Psychology
84925943803,2014,15,3,175,Analysts’ Forecast Dispersion and Stock Returns: A Quantile Regression Approach,http://dx.doi.org/10.1080/15427560.2014.942420,6,Journal of Behavioral Finance,snvlH,3205,Experimental and Cognitive Psychology
85032942613,2017,11,4,382,"Skilled and Unaware: The Interactive Effects of Team Cognition, Team Metacognition, and Task Confidence on Team Performance",http://dx.doi.org/10.1177/1555343417731429,1,Journal of Cognitive Engineering and Decision Making,aFrFN,3202,Applied Psychology
85034416320,2017,4,1,NA,Exploring the role of values and norms towards consumers’ intentions to patronize retail apparel brands engaged in corporate social responsibility (CSR),http://dx.doi.org/10.1186/s40691-017-0086-0,2,Fashion and Textiles,cUnBo,3207,Social Psychology
84927637769,2015,47,NA,74,Should the threshold for expired-air carbon monoxide concentration as a means of verifying self-reported smoking abstinence be reduced in clinical treatment programmes? Evidence from a Malaysian smokers' clinic,http://dx.doi.org/10.1016/j.addbeh.2015.03.021,3,Addictive Behaviors,OplIo,3203,Clinical Psychology
84992735248,2016,16,NA,245,"Visser, W. (2015). Sustainable frontiers: Unlocking change through business, leadership and innovation. Sheffield, UK: Greenleaf Publishing Limited",http://dx.doi.org/10.1108/S1529-209620160000016011,0,Research in Ethical Issues in Organizations,Qkqto,3207,Social Psychology
85027870321,2017,11,NA,NA,Dynamic correlations between intrinsic connectivity and extrinsic connectivity of the auditory cortex in humans,http://dx.doi.org/10.3389/fnhum.2017.00407,0,Frontiers in Human Neuroscience,TIhpa,3206,Neuropsychology and Physiological Psychology
84962303842,2015,7,1,71,Influence of self-efficacy and social support in the quality of teen couple relationships,NA,0,"Psychology, Society and Education",VaWiV,3203,Clinical Psychology
84917707150,2015,28,1,32,Achievement together: The development of an intervention using relationship-based strategies to promote positive learning habits,http://dx.doi.org/10.1097/IYC.0000000000000023,1,Infants and Young Children,PTFHg,3204,Developmental and Educational Psychology
85010646457,2017,18,5,679,A longitudinal examination of peritraumatic emotional responses and their association with posttraumatic stress disorder and major depressive disorder among veterans,http://dx.doi.org/10.1080/15299732.2016.1267683,0,Journal of Trauma and Dissociation,vYliB,3203,Clinical Psychology
84898962031,2014,29,2,138,Diagnosis of posterior cortical atrophy delayed by coexisting fuchs' endothelial corneal dystrophy,http://dx.doi.org/10.1177/1533317513506779,0,American Journal of Alzheimer's Disease and other Dementias,sJjsJ,3203,Clinical Psychology
84897020564,2014,17,5,508,Effects of religious stigma and harm on perceived psychopathology,http://dx.doi.org/10.1080/13674676.2013.856001,2,"Mental Health, Religion and Culture",UqQkq,3203,Clinical Psychology
84890916417,2014,40,1,67,Psychological dysregulation during adolescence mediates the association of parent-child attachment in childhood and substance use disorder in adulthood,http://dx.doi.org/10.3109/00952990.2013.848876,3,American Journal of Drug and Alcohol Abuse,EPXCI,3203,Clinical Psychology
84961669729,2016,54,NA,1,Does the gender of parent or child matter in child maltreatment in China?,http://dx.doi.org/10.1016/j.chiabu.2016.01.003,5,Child Abuse and Neglect,XaxKr,3204,Developmental and Educational Psychology
84974691380,2016,46,NA,31,Effects of participation in school sports on academic and social functioning,http://dx.doi.org/10.1016/j.appdev.2016.05.002,3,Journal of Applied Developmental Psychology,posTo,3204,Developmental and Educational Psychology
84925270806,2015,15,1,86,Strategic poverty: How social and cultural capital shapes low-income life,http://dx.doi.org/10.1177/1469540513493205,5,Journal of Consumer Culture,thAkK,3207,Social Psychology
84931268465,2015,86,NA,67,Personality and the neural efficiency theory,http://dx.doi.org/10.1016/j.paid.2015.06.002,4,Personality and Individual Differences,NMvHm,3200,General Psychology
84926627483,2015,6,MAR,NA,Limitless capacity: A dynamic object-oriented approach to short-term memory,http://dx.doi.org/10.3389/fpsyg.2015.00293,13,Frontiers in Psychology,zOAkJ,3200,General Psychology
84992663959,2016,213,3,83,Use of the genogram in the training of psychoanalytic family therapists,http://dx.doi.org/10.3917/dia.213.0083,0,Dialogue,UDnnX,3207,Social Psychology
85018170393,2017,25,1,181,Journalistic (im)postures: Misconceptions of veja magazine about B. F. Skinner,http://dx.doi.org/10.9788/TP2017.1-12,0,Temas em Psicologia,Kdkkq,3200,General Psychology
85018962668,2017,22,2,260,The assessment of developmental trauma in children and adolescents: A systematic review,http://dx.doi.org/10.1177/1359104516631607,6,Clinical Child Psychology and Psychiatry,bppGq,3203,Clinical Psychology
85014056647,2017,11,NA,NA,Individual differences in male rats in a behavioral test battery: A multivariate statistical approach,http://dx.doi.org/10.3389/fnbeh.2017.00026,2,Frontiers in Behavioral Neuroscience,KdjyC,3206,Neuropsychology and Physiological Psychology
84995792492,2017,106,NA,163,Exploring political compromise in the new media environment: The interaction effects of social media use and the Big Five personality traits,http://dx.doi.org/10.1016/j.paid.2016.11.022,3,Personality and Individual Differences,cYVMB,3200,General Psychology
84908396451,2014,15,6,729,Reflections on athletes and eating disorders,http://dx.doi.org/10.1016/j.psychsport.2014.06.005,10,Psychology of Sport and Exercise,sCWZh,3202,Applied Psychology
85020045563,2017,52,NA,26,Understanding intentions to purchase bio-based products: The role of subjective ambivalence,http://dx.doi.org/10.1016/j.jenvp.2017.05.001,0,Journal of Environmental Psychology,BsCjr,3202,Applied Psychology
84979852528,2015,18,NA,E63,The Role of Values in Attitudes towards Violence: Discrimination against Moroccans and Romanian Gypsies in Spain,http://dx.doi.org/10.1017/sjp.2015.65,5,The Spanish journal of psychology,jDrjI,3200,General Psychology
84904091593,2014,50,1,1,The latent structure of reading comprehension problems in pupils living in poverty,NA,1,Hrvatska Revija Za Rehabilitacijska Istrazivanja,rSefi,3204,Developmental and Educational Psychology
84898972708,2014,26,2,252,Classical and causal inference approaches to statistical mediation analysis,http://dx.doi.org/10.7334/psicothema2013.314,2,Psicothema,SebgP,3200,General Psychology
84904758322,2014,62,1,1,"Surface-based morphometry of the cortical architecture of autism spectrum disorders: Volume, thickness, area, and gyrification",http://dx.doi.org/10.1016/j.neuropsychologia.2014.07.001,20,Neuropsychologia,duZVA,3205,Experimental and Cognitive Psychology
84949448805,2016,23,3,368,Transdiagnostic Motivational Enhancement Therapy to Reduce Treatment Attrition: Use in Emerging Adults,http://dx.doi.org/10.1016/j.cbpra.2015.09.007,2,Cognitive and Behavioral Practice,vHoTq,3203,Clinical Psychology
84901254672,2014,8,MAY,NA,Getting a grip on problem gambling: What can neuroscience tell us?,http://dx.doi.org/10.3389/fnbeh.2014.00141,29,Frontiers in Behavioral Neuroscience,Cvdvh,3206,Neuropsychology and Physiological Psychology
84946711670,2015,19,2,77,Developmental Trajectory of Audiovisual Speech Integration in Early Infancy. A Review of Studies Using the McGurk Paradigm,http://dx.doi.org/10.1515/plc-2015-0006,3,Psychology of Language and Communication,nGrio,3204,Developmental and Educational Psychology
84905240670,2014,8,AUG,NA,Own-race and own-age biases facilitate visual awareness of faces under interocular suppression,http://dx.doi.org/10.3389/fnhum.2014.00582,16,Frontiers in Human Neuroscience,MqqEU,3206,Neuropsychology and Physiological Psychology
85007605393,2017,126,2,257,Executive functions and substance use: Relations in late adolescence and early adulthood,http://dx.doi.org/10.1037/abn0000250,8,Journal of Abnormal Psychology,Zqdnt,3203,Clinical Psychology
84942367763,2015,22,3-Feb,160,Patient-Reported Outcomes Following Living Kidney Donation: A Single Center Experience,http://dx.doi.org/10.1007/s10880-015-9424-9,8,Journal of Clinical Psychology in Medical Settings,YhUjk,3203,Clinical Psychology
84939879759,2015,19,5,743,Accuracy of Self-Report and Pill-Count Measures of Adherence in the FEM-PrEP Clinical Trial: Implications for Future HIV-Prevention Trials,http://dx.doi.org/10.1007/s10461-014-0859-z,18,AIDS and Behavior,UoXIy,3207,Social Psychology
84947017373,2014,47,4,1004,"A database of 629 English compound words: ratings of familiarity, lexeme meaning dominance, semantic transparency, age of acquisition, imageability, and sensory experience",http://dx.doi.org/10.3758/s13428-014-0523-6,14,Behavior Research Methods,XIWav,3200,General Psychology
85031096184,2017,151,7,646,Possible Selves in Adolescence: Development and Validation of a Scale for their Assessment,http://dx.doi.org/10.1080/00223980.2017.1372347,0,Journal of Psychology: Interdisciplinary and Applied,Hmxcp,3200,General Psychology
85025481212,2017,8,JUL,NA,Interviewing suspects in denial: On how different evidence disclosure modes affect the elicitation of new critical information,http://dx.doi.org/10.3389/fpsyg.2017.01154,2,Frontiers in Psychology,KMNxS,3200,General Psychology
84937523458,2015,24,8,2270,Parental Sensitivity Towards Toddlers and Infant Siblings Predicting Toddler Sharing and Compliance,http://dx.doi.org/10.1007/s10826-014-0029-y,3,Journal of Child and Family Studies,oGuTi,3204,Developmental and Educational Psychology
84945236866,2016,23,2,141,Relational Equity as a Design Tool Within Making and Tinkering Activities,http://dx.doi.org/10.1080/10749039.2015.1058398,14,"Mind, Culture, and Activity",OJNIU,3204,Developmental and Educational Psychology
84982256694,2016,7,JUL,NA,Characterization of vulnerable and resilient spanish adolescents in their developmental contexts,http://dx.doi.org/10.3389/fpsyg.2016.00983,1,Frontiers in Psychology,WvyMq,3200,General Psychology
85020448502,2017,43,4,644,Exploring Partner Intimacy Among Couples Raising Children on the Autism Spectrum: A Grounded Theory Investigation,http://dx.doi.org/10.1111/jmft.12247,1,Journal of Marital and Family Therapy,mscHk,3203,Clinical Psychology
84955274738,2016,47,NA,84,Promoting Gypsy children school engagement: A story-tool project to enhance self-regulated learning,http://dx.doi.org/10.1016/j.cedpsych.2015.11.005,9,Contemporary Educational Psychology,GafjD,3204,Developmental and Educational Psychology
84923336968,2015,88,NA,19,Contemporary patterns of career construction of a group of urban workers in São Paulo (Brazil),http://dx.doi.org/10.1016/j.jvb.2015.02.008,2,Journal of Vocational Behavior,lYmyN,3202,Applied Psychology
84960892722,2016,27,3,419,To Live Among Like-Minded Others: Exploring the Links Between Person-City Personality Fit and Self-Esteem,http://dx.doi.org/10.1177/0956797615627133,9,Psychological Science,dlpsv,3200,General Psychology
84894545192,2014,53,1,78,"A compassionate-focused therapy group approach for acute inpatients: Feasibility, initial pilot outcome data, and recommendations",http://dx.doi.org/10.1111/bjc.12040,18,British Journal of Clinical Psychology,EApZR,3203,Clinical Psychology
84920927892,2015,27,2,189,HIV testing among clients in high HIV prevalence venues: Disparities between older and younger adults,http://dx.doi.org/10.1080/09540121.2014.963008,5,AIDS Care - Psychological and Socio-Medical Aspects of AIDS/HIV,yneqV,3207,Social Psychology
84910016846,2014,17,6,512,Endothelial at1and at2 pathways in aortic responses to angiotensin II after stress and ethanol consumption in rats,http://dx.doi.org/10.3109/10253890.2014.966262,3,Stress,JzpEh,3206,Neuropsychology and Physiological Psychology
84989842376,2016,5,3,448,Unpacking the public stigma of problem gambling: The process of stigma creation and predictors of social distancing,http://dx.doi.org/10.1556/2006.5.2016.057,5,Journal of Behavioral Addictions,xWPPG,3203,Clinical Psychology
85013058456,2017,32,1,119,Passive leadership: relationships with trust and justice perceptions,http://dx.doi.org/10.1108/JMP-02-2016-0029,2,Journal of Managerial Psychology,ybyec,3202,Applied Psychology
84963622468,2016,46,6,752,The Coping Long Term with Active Suicide Program: Description and Pilot Data,http://dx.doi.org/10.1111/sltb.12247,3,Suicide and Life-Threatening Behavior,zrolD,3203,Clinical Psychology
84891884483,2014,44,1,180,Virtual and concrete manipulatives: A comparison of approaches for solving mathematics problems for students with autism spectrum disorder,http://dx.doi.org/10.1007/s10803-013-1863-2,22,Journal of Autism and Developmental Disorders,ZuiKZ,3204,Developmental and Educational Psychology
85024105459,2017,25,3,389,Need for Power Predicts Career Intent in University Students,http://dx.doi.org/10.1177/1069072716639690,1,Journal of Career Assessment,RjiLc,3200,General Psychology
85007107499,2017,210,NA,66,The role of affect in predicting depressive symptomatology in remitted recurrently depressed patients,http://dx.doi.org/10.1016/j.jad.2016.12.015,0,Journal of Affective Disorders,DfkgD,3203,Clinical Psychology
84955573538,2016,28,11,1516,Development and validation of the family law doors,http://dx.doi.org/10.1037/pas0000277,3,Psychological Assessment,QgwqY,3203,Clinical Psychology
84995527099,2016,30,12,1501,"Vestibular, balance, microvascular and white matter neuroimaging characteristics of blast injuries and mild traumatic brain injury: Four case reports",http://dx.doi.org/10.1080/02699052.2016.1219056,0,Brain Injury,iItvI,3204,Developmental and Educational Psychology
84946017610,2016,90,NA,36,Mate Retention Inventory-Short Form (MRI-SF): Adaptation to the Brazilian context,http://dx.doi.org/10.1016/j.paid.2015.10.033,8,Personality and Individual Differences,tUEGm,3200,General Psychology
84900000000,2015,41,1,50,Can we hear morphological complexity before words are complex?,http://dx.doi.org/10.1037/a0038509,7,Journal of Experimental Psychology: Human Perception and Performance,urIrQ,3205,Experimental and Cognitive Psychology
84962040669,2016,16,2,74,Assessing Field Reliability of Forensic Decision Making in Criminal Court,http://dx.doi.org/10.1080/15228932.2016.1148452,1,Journal of Forensic Psychology Practice,DriOS,3202,Applied Psychology
85028756024,2017,50,5,297,"Schizophrenia, self, and person: Eugen bleuler and arthur kronfeld on a conceptual alliance",http://dx.doi.org/10.1159/000479071,0,Psychopathology,rWCOV,3203,Clinical Psychology
84896723974,2014,82,2,103,Variability in personality expression across contexts: A social network approach,http://dx.doi.org/10.1111/jopy.12038,3,Journal of Personality,DEcOV,3207,Social Psychology
84963512932,2015,79,6,498,Changing circumstances drive changing attendance: A longitudinal cohort study of time varying predictors of frequent attendance in primary health care,http://dx.doi.org/10.1016/j.jpsychores.2015.10.007,4,Journal of Psychosomatic Research,UwqGx,3203,Clinical Psychology
84971506918,2016,80,2,335,The game in memory,NA,1,Revue Francaise de Psychanalyse,sQoAF,3203,Clinical Psychology
84979970348,2017,29,1,149,Improving the seniors' transition from hospital to the community: A case for intensive geriatric service workers,http://dx.doi.org/10.1017/S1041610216001058,0,International Psychogeriatrics,suSCL,3203,Clinical Psychology
85032034625,2017,11,NA,NA,Agency over phantom limb enhanced by short-term mirror therapy,http://dx.doi.org/10.3389/fnhum.2017.00483,1,Frontiers in Human Neuroscience,flzlL,3206,Neuropsychology and Physiological Psychology
84924871648,2015,21,1,37,Representation and emotion causation: A cultural psychology approach,http://dx.doi.org/10.1177/1354067X14568687,4,Culture and Psychology,BIvjx,3207,Social Psychology
84907917658,2014,60,4,205,Organizational conditions and school culture fostering inclusive education - Findings of research among Israeli Arab teachers,http://dx.doi.org/10.1179/2047387713Y.0000000018,0,International Journal of Developmental Disabilities,FcMIH,3204,Developmental and Educational Psychology
84936993722,2015,77,6,688,The Association between Reduced Inflammation and Cognitive Gains after Bariatric Surgery,http://dx.doi.org/10.1097/PSY.0000000000000125,10,Psychosomatic Medicine,AafvI,3202,Applied Psychology
84925625095,2014,143,5,1875,Hysteresis in the dynamic perception of scenes and objects,http://dx.doi.org/10.1037/a0037365,3,Journal of Experimental Psychology: General,CWdSA,3200,General Psychology
84949533846,2015,27,12,2079,Telephone-based cognitive screening for stroke patients in China,http://dx.doi.org/10.1017/S1041610215000551,0,International Psychogeriatrics,fVLiz,3203,Clinical Psychology
85020874522,2017,77,NA,71,"Early maladaptive schemas of emotional deprivation, social isolation, shame and abandonment are related to a history of suicide attempts among patients with major depressive disorders",http://dx.doi.org/10.1016/j.comppsych.2017.05.008,5,Comprehensive Psychiatry,JKSfj,3203,Clinical Psychology
84979633295,2016,46,10,3281,The Experiences of Late-diagnosed Women with Autism Spectrum Conditions: An Investigation of the Female Autism Phenotype,http://dx.doi.org/10.1007/s10803-016-2872-8,31,Journal of Autism and Developmental Disorders,xYrMQ,3204,Developmental and Educational Psychology
85030657594,2017,51,NA,73,"Young male drivers’ risky driving 15 months after licensure – The role of intervention, attitudes towards accompanied driving, and parents’ risk",http://dx.doi.org/10.1016/j.trf.2017.09.005,1,Transportation Research Part F: Traffic Psychology and Behaviour,zyhyb,3202,Applied Psychology
84973643970,2016,30,7,1126,Normative data for phonemic and semantic verbal fluency test in the adult French–Quebec population and validation study in Alzheimer’s disease and depression,http://dx.doi.org/10.1080/13854046.2016.1195014,5,Clinical Neuropsychologist,gZSPj,3203,Clinical Psychology
84949524769,2015,31,4,385,Pilot Investigation of the Use and Usefulness of a Sensory Modulation Room in a Child and Adolescent Psychiatric Inpatient Unit,http://dx.doi.org/10.1080/0164212X.2015.1076367,3,Occupational Therapy in Mental Health,vfqeT,3202,Applied Psychology
84928882595,2015,29,5,651,Neuroglobin up-regulation after ischaemic pre-conditioning in a rat model of middle cerebral artery occlusion,http://dx.doi.org/10.3109/02699052.2014.1002004,7,Brain Injury,NDRxG,3204,Developmental and Educational Psychology
84893697596,2014,22,1,101,Proprietary freedoms in an IT office: How Indian IT workers negotiate code and cultural branding,http://dx.doi.org/10.1111/1469-8676.12064,3,Social Anthropology,KpSgu,3204,Developmental and Educational Psychology
85029619520,2017,48,5,591,"Killer Apps: Developing Novel Applications That Enhance Team Coordination, Communication, and Effectiveness",http://dx.doi.org/10.1177/1046496417721745,1,Small Group Research,wsaSD,3202,Applied Psychology
85043794090,2017,15,NA,98,How virtual embodiment affects episodic memory functioning: A proof-of-concept study,NA,0,Annual Review of CyberTherapy and Telemedicine,JqLhS,3201,Psychology (miscellaneous)
84906558467,2014,49,5,271,Extensions and mechanisms of mindfulness-based cognitive therapy: A review of the evidence,http://dx.doi.org/10.1111/ap.12074,9,Australian Psychologist,rcsTO,3200,General Psychology
84890901023,2014,140,1,98,Solving the mystery of intrusive flashbacks in posttraumatic stress disorder: Comment on brewin (2014),http://dx.doi.org/10.1037/a0034677,20,Psychological Bulletin,DOMZi,3200,General Psychology
84940094317,2015,20,8,1182,Assessing the FACTS: A mnemonic for teaching and learning the rapid assessment of rigor in qualitative research studies,NA,5,Qualitative Report,KrhmB,3207,Social Psychology
85025069633,2017,75,NA,145,Reducing alcohol consumption to minimize weight gain and facilitate smoking cessation among military beneficiaries,http://dx.doi.org/10.1016/j.addbeh.2017.06.018,0,Addictive Behaviors,DFSse,3203,Clinical Psychology
84945488722,2015,41,4,195,"Effects of an Obesity Intervention Integrating Physical Activity and Psychological Strategy on BMI, Physical Activity, and Psychological Variables in Male Obese Adolescents",http://dx.doi.org/10.1080/08964289.2014.914463,3,Behavioral Medicine,TasFF,3202,Applied Psychology
85039795602,2017,6,4,658,Understanding persuasive attributes of sports betting advertisements: A conjoint analysis of selected elements,http://dx.doi.org/10.1556/2006.6.2017.062,1,Journal of Behavioral Addictions,OFcyi,3203,Clinical Psychology
84924628474,2015,44,1,26,Social media or social minefield? Surviving in the new cyberspace era,http://dx.doi.org/10.1016/j.orgdyn.2014.11.004,0,Organizational Dynamics,lAaFj,3202,Applied Psychology
84949132990,2014,5,6,719,Initial Validation of the Mindful Eating Scale,http://dx.doi.org/10.1007/s12671-013-0227-5,11,Mindfulness,JtPcg,3202,Applied Psychology
84974686207,2015,18,NA,E76,Auditory Verbal Hallucinations: can Beliefs about Voices Mediate the Relationship Patients establish with them and Negative Affect?,http://dx.doi.org/10.1017/sjp.2015.77,1,The Spanish journal of psychology,xqURi,3200,General Psychology
84904998421,2014,21,4,590,Association between lipid profile and depressive symptoms among Chinese older people: Mediation by cardiovascular diseases?,http://dx.doi.org/10.1007/s12529-013-9358-2,11,International Journal of Behavioral Medicine,npOCs,3202,Applied Psychology
84973375395,2016,150,NA,72,How do young children expect others to address resource inequalities between groups?,http://dx.doi.org/10.1016/j.jecp.2016.05.002,6,Journal of Experimental Child Psychology,tIUAU,3204,Developmental and Educational Psychology
84896987167,2014,8,MAR,NA,Antagonistic neural networks underlying differentiated leadership roles,http://dx.doi.org/10.3389/fnhum.2014.00114,32,Frontiers in Human Neuroscience,LKJFo,3206,Neuropsychology and Physiological Psychology
84955474607,2016,58,NA,380,Don't Judge a (Face)Book by its Cover: Exploring judgement accuracy of others' personality on Facebook,http://dx.doi.org/10.1016/j.chb.2016.01.021,4,Computers in Human Behavior,KCgJc,3200,General Psychology
84945450294,2015,83,6,585,Psychopathy and Personality: Advances and Debates,http://dx.doi.org/10.1111/jopy.12145,23,Journal of Personality,JjjPO,3207,Social Psychology
84920201276,2015,25,1,42,"""I can almost taste it:"" Why people with strong positive emotions experience higher levels of food craving, salivation and eating intentions",http://dx.doi.org/10.1016/j.jcps.2014.07.001,4,Journal of Consumer Psychology,zPjsP,3202,Applied Psychology
84961176324,2016,7,2,479,Making Friends with Yourself: A Mixed Methods Pilot Study of a Mindful Self-Compassion Program for Adolescents,http://dx.doi.org/10.1007/s12671-015-0476-6,18,Mindfulness,mLVIc,3202,Applied Psychology
84989172652,2017,39,2,241,Frontal Theta Activity as an EEG Correlate of Mood-Related Emotional Processing in Dysphoria,http://dx.doi.org/10.1007/s10862-016-9572-8,1,Journal of Psychopathology and Behavioral Assessment,QdhZZ,3203,Clinical Psychology
85019668170,2017,20,2,117,Promoting Nurturing Environments in Afterschool Settings,http://dx.doi.org/10.1007/s10567-017-0239-0,1,Clinical Child and Family Psychology Review,wZiFe,3203,Clinical Psychology
84904257341,2014,58,9,1131,Partisan Media Selective Exposure During the 2012 Presidential Election,http://dx.doi.org/10.1177/0002764213506208,6,American Behavioral Scientist,pxYoP,3207,Social Psychology
84976313462,2016,75,10-Sep,434,Gender Differences in Empathic Sadness towards Persons of the Same- versus Other-sex during Adolescence,http://dx.doi.org/10.1007/s11199-016-0649-3,1,Sex Roles,rJYwV,3204,Developmental and Educational Psychology
84939269113,2015,24,3,289,Evaluation of a Self-Instructional Manual to Teach Multiple-Stimulus Without Replacement Preference Assessments,http://dx.doi.org/10.1007/s10864-015-9222-3,3,Journal of Behavioral Education,JHvmp,3204,Developmental and Educational Psychology
85020114762,2017,52,8,1031,The Social Aptitudes Scale: looking at both “ends” of the social functioning dimension,http://dx.doi.org/10.1007/s00127-017-1395-8,0,Social Psychiatry and Psychiatric Epidemiology,rKyzt,3207,Social Psychology
84991338352,2016,16,4-Mar,245,Understanding the Impact of Heritage Language on Ethnic Identity Formation and Literacy for u.s. Latino Children,http://dx.doi.org/10.1163/15685373-12342179,0,Journal of Cognition and Culture,ToCxI,3205,Experimental and Cognitive Psychology
85013845112,2015,3,1,98,Static and dynamic networks in interbank markets,http://dx.doi.org/10.1017/nws.2015.1,7,Network Science,bULii,3207,Social Psychology
84964800392,2016,48,NA,102,Compression and texture in socks enhance football kicking performance,http://dx.doi.org/10.1016/j.humov.2016.04.008,2,Human Movement Science,SltJb,3205,Experimental and Cognitive Psychology
84921482578,2014,28,4,323,Group norms in youth sport: Role of personal and social factors,http://dx.doi.org/10.1123/tsp.2013-0029,2,Sport Psychologist,IsCSu,3202,Applied Psychology
84996844740,2017,17,1,71,CORE assessment of adult survivors abused as children:A NAPAC group therapy evaluation,http://dx.doi.org/10.1002/capr.12095,0,Counselling and Psychotherapy Research,fgUos,3202,Applied Psychology
85000400649,2016,30,6,637,Prediction Consistency: A Test of the Equivalence Assumption Across Different Indicators of the Same Construct,http://dx.doi.org/10.1002/per.2085,4,European Journal of Personality,xucLw,3207,Social Psychology
84901194473,2014,87,2,191,Analytic versus systemic group therapy for women with a history of child sexual abuse: 1-Year follow-up of a randomized controlled trial,http://dx.doi.org/10.1111/papt.12011,4,"Psychology and Psychotherapy: Theory, Research and Practice",ZLiGZ,3203,Clinical Psychology
84924598248,2015,43,3,377,Identification among first-generation citizen students and first-generation college students: An exploration of school sense of community,http://dx.doi.org/10.1002/jcop.21685,0,Journal of Community Psychology,AUQBQ,3207,Social Psychology
84952815099,2016,53,1,66,A Spatiotemporal Analysis of Arson,http://dx.doi.org/10.1177/0022427815590858,6,Journal of Research in Crime and Delinquency,epuiV,3207,Social Psychology
85027043188,2017,24,6,798,The Loneliness Questionnaire: Establishing Measurement Invariance Across Ethnic Groups,http://dx.doi.org/10.1177/1073191115625799,0,Assessment,HqlsO,3202,Applied Psychology
85006320096,2016,32,4,392,"Post-Traumatic Stress Disorder, Sensory Integration, and Aquatic Therapy: A Scoping Review",http://dx.doi.org/10.1080/0164212X.2016.1166355,1,Occupational Therapy in Mental Health,NVRBJ,3202,Applied Psychology
84982822043,2016,44,5,399,Seamlessly learning Chinese: contextual meaning making and vocabulary growth in a seamless Chinese as a second language learning environment,http://dx.doi.org/10.1007/s11251-016-9383-z,4,Instructional Science,iTlbS,3204,Developmental and Educational Psychology
85031892957,2017,27,7,813,Reference Accuracy Among Research Articles Published in Research on Social Work Practice,http://dx.doi.org/10.1177/1049731515626802,2,Research on Social Work Practice,bLgLo,3200,General Psychology
84931308645,2015,27,134,63,Theoretical bases to study self-regulation of learning by electroencephalograph: Towards new research in neuroeducation,NA,2,ANAE - Approche Neuropsychologique des Apprentissages chez l'Enfant,cghVF,3204,Developmental and Educational Psychology
85010038824,2017,26,1,67,Psychosocial risk factors underlie the link between attention deficit hyperactivity symptoms and overweight at school entry,http://dx.doi.org/10.1007/s00787-016-0870-1,3,European Child and Adolescent Psychiatry,ktLIJ,3204,Developmental and Educational Psychology
85017500539,2017,29,4,1431,Maternal mind-mindedness and toddler behavior problems: The moderating role of maternal trauma and posttraumatic stress,http://dx.doi.org/10.1017/S0954579417000360,1,Development and Psychopathology,ewChj,3204,Developmental and Educational Psychology
84955398512,2016,15,1,32,Does Monitoring Performance Eliminate the Ego-depletion Phenomenon and Influence Perception of Time?,http://dx.doi.org/10.1080/15298868.2015.1074101,4,Self and Identity,THiGq,3200,General Psychology
84902834466,2014,28,6,993,Effects of induced and naturalistic mood on the temporal allocation of attention to emotional information,http://dx.doi.org/10.1080/02699931.2013.866937,1,Cognition and Emotion,hfXWF,3204,Developmental and Educational Psychology
84977144705,2016,70,6,508,Avoiding the pain. Unconscious fantasies between incorporation and expulsion of the object,NA,0,Psyche (Germany),tDshZ,3203,Clinical Psychology
84976319219,2016,62,2,179,Examining the simple view of reading in a transparent orthography: A longitudinal study from kindergarten to grade 3,http://dx.doi.org/10.13110/merrpalmquar1982.62.2.0179,10,Merrill-Palmer Quarterly,ATVEe,3204,Developmental and Educational Psychology
84901025080,2014,133,NA,8,Changes in the sexual behavior and testosterone levels of male rats in response to daily interactions with estrus females,http://dx.doi.org/10.1016/j.physbeh.2014.05.001,15,Physiology and Behavior,drujP,3205,Experimental and Cognitive Psychology
85017610182,2015,14,4,1245,Resonances arising from sheltering in the family dynamics of Brazilian women in situations of violence,http://dx.doi.org/10.11144/Javeriana.upsy14-4.rdad,2,Universitas Psychologica,wNaQo,3200,General Psychology
85011340666,2016,9,3-Jan,13,What a difference two years make: patterns of radicalization in a Philippine jail,http://dx.doi.org/10.1080/17467586.2016.1198042,2,Dynamics of Asymmetric Conflict: Pathways toward Terrorism and Genocide,IoFwb,3207,Social Psychology
85027707419,2017,42,3,139,Common Core State Standards and Students with Severe Disabilities: An Introduction to the Special Issue,http://dx.doi.org/10.1177/1540796917715408,0,Research and Practice for Persons with Severe Disabilities,sIKHW,3207,Social Psychology
84930890503,2015,37,3,188,Beliefs About Willpower Are Related to Therapy Adherence and Psychological Adjustment in Patients With Type 2 Diabetes,http://dx.doi.org/10.1080/01973533.2015.1049348,6,Basic and Applied Social Psychology,Egxjf,3202,Applied Psychology
84921505932,2015,44,2,375,Characterization of ATP alternations in an Alzheimer's disease transgenic mouse model,http://dx.doi.org/10.3233/JAD-141890,17,Journal of Alzheimer's Disease,Mlcdc,3203,Clinical Psychology
85025820154,2017,102,NA,69,Bankruptcy prediction for SMEs using relational data,http://dx.doi.org/10.1016/j.dss.2017.07.004,1,Decision Support Systems,zFYIM,3204,Developmental and Educational Psychology
84902257550,2014,18,7,1381,Tobacco use among adults initiating treatment for HIV infection in rural uganda,http://dx.doi.org/10.1007/s10461-014-0737-8,3,AIDS and Behavior,WNWdU,3207,Social Psychology
85011045316,2017,11,1,18,"Women in health service psychology programs: Stress, self-care, and quality of life",http://dx.doi.org/10.1037/tep0000141,3,Training and Education in Professional Psychology,bLMSw,3200,General Psychology
85009786976,2017,69,NA,14,Marijuana protective behavioral strategies as a moderator of the effects of risk/protective factors on marijuana-related outcomes,http://dx.doi.org/10.1016/j.addbeh.2017.01.007,2,Addictive Behaviors,wonlx,3203,Clinical Psychology
84902374818,2014,29,2,215,Fragile knowledge and conflicting evidence: What effects do contiguity and personal characteristics of museum visitors have on their processing depth?,http://dx.doi.org/10.1007/s10212-013-0195-0,4,European Journal of Psychology of Education,BTHSN,3204,Developmental and Educational Psychology
84944077477,2015,31,3,271,Capturing communication supporting classrooms: The development of a tool and feasibility study,http://dx.doi.org/10.1177/0265659015572165,2,Child Language Teaching and Therapy,xGJyX,3203,Clinical Psychology
84978224714,2016,31,5,437,Vascular Function in Alzheimer's Disease and Vascular Dementia,http://dx.doi.org/10.1177/1533317516653820,4,American Journal of Alzheimer's Disease and other Dementias,CAgDW,3203,Clinical Psychology
84896794113,2014,159,NA,73,The impact of lifestyle factors on the 2-year course of depressive and/or anxiety disorders,http://dx.doi.org/10.1016/j.jad.2014.01.019,15,Journal of Affective Disorders,krKhx,3203,Clinical Psychology
84933676711,2015,9,APRIL,NA,Cognitive demands during quiet standing elicit truncal tremor in two frequency bands: Differential relations to tissue integrity of corticospinal tracts and cortical targets,http://dx.doi.org/10.3389/fnhum.2015.00175,1,Frontiers in Human Neuroscience,CRGYP,3206,Neuropsychology and Physiological Psychology
84907308527,2014,9,3,391,"Opioids, sedatives, and sleep hypoventilation",http://dx.doi.org/10.1016/j.jsmc.2014.05.004,4,Sleep Medicine Clinics,YWgHy,3203,Clinical Psychology
85000885224,2015,21,12,2851,Physical activity and negative emotion during peer-rejection: Evidence for emotion context sensitivity,http://dx.doi.org/10.1177/1359105315587139,3,Journal of Health Psychology,gMxXN,3202,Applied Psychology
85016506621,2015,65,4-Mar,134,Psychometric Evaluation of the Dissociative Experiences Scale-Taxon (DES-T),http://dx.doi.org/10.1055/s-0034-1395690,7,PPmP Psychotherapie Psychosomatik Medizinische Psychologie,pnHYE,3202,Applied Psychology
84979802586,2015,20,2,101,Predictors of subjective recovery in schizophrenia,http://dx.doi.org/10.5944/rppc.vol.20.num.2.2015.15165,0,Revista de Psicopatologia y Psicologia Clinica,kQmzh,3203,Clinical Psychology
84901433057,2014,78,2,177,Shame proneness in symptom dimensions of obsessive-compulsive disorder,http://dx.doi.org/10.1521/bumc.2014.78.2.177,4,Bulletin of the Menninger Clinic,gyYOp,3203,Clinical Psychology
85021666972,2017,64,4,410,Self-reported interpersonal problems and impact messages as perceived by significant others are differentially associated with the process and outcome of depression therapy,http://dx.doi.org/10.1037/cou0000221,1,Journal of Counseling Psychology,Yvjoe,3203,Clinical Psychology
85011321889,2017,45,4,459,Child health in low-income neighborhoods: The unexpected relationship with neighborhood disorder and other aspects of distress,http://dx.doi.org/10.1002/jcop.21858,0,Journal of Community Psychology,DUvtS,3207,Social Psychology
85021979838,2017,73,NA,151,Gain-loss framing effects in dilemmas of trust and reciprocity,http://dx.doi.org/10.1016/j.jesp.2017.06.012,2,Journal of Experimental Social Psychology,dqCYH,3207,Social Psychology
84938979174,2015,22,4,1104,The role of placekeeping ability in fluid intelligence,http://dx.doi.org/10.3758/s13423-014-0764-5,9,Psychonomic Bulletin and Review,BhbjS,3204,Developmental and Educational Psychology
85026885889,2017,39,3,180,Parents’ Experiences Navigating Intervention Systems for Young Children With Mild Language Delays,http://dx.doi.org/10.1177/1053815117704958,1,Journal of Early Intervention,oBycr,3204,Developmental and Educational Psychology
84951336291,2016,192,NA,143,Altered neural function to happy faces in adolescents with and at risk for depression,http://dx.doi.org/10.1016/j.jad.2015.12.013,5,Journal of Affective Disorders,gZlow,3203,Clinical Psychology
84921519613,2015,44,2,471,"Tolerability and safety of souvenaid in patients with mild Alzheimer's disease: Results of multi-center, 24-week, open-label extension study",http://dx.doi.org/10.3233/JAD-141305,24,Journal of Alzheimer's Disease,kzOjC,3203,Clinical Psychology
84956577752,2016,53,2,186,Gender Nonconformity and Butch-Femme Identity among Lesbians in China,http://dx.doi.org/10.1080/00224499.2015.1058890,1,Journal of Sex Research,VhNJQ,3200,General Psychology
84930277450,2015,33,2,179,The Contribution of REBT in Addressing the Givens of Existence,http://dx.doi.org/10.1007/s10942-015-0209-8,0,Journal of Rational - Emotive and Cognitive - Behavior Therapy,XbXeI,3203,Clinical Psychology
84921458635,2014,31,8,1019,Seeking interpersonal information over the Internet: An application of the theory of motivated information management to Internet use,http://dx.doi.org/10.1177/0265407513516890,7,Journal of Social and Personal Relationships,kDMgE,3204,Developmental and Educational Psychology
85012043635,2017,32,1,49,The effects of perceived quality of organizationally provided meal service on employees’ job performance and mediating role of organizational identification,http://dx.doi.org/10.1080/15555240.2016.1265452,0,Journal of Workplace Behavioral Health,NHxwV,3202,Applied Psychology
84947287912,2015,35,4,381,Sustaining care: cultivating mindful practice in early years professional development,http://dx.doi.org/10.1080/09575146.2015.1105200,2,Early Years,asirP,3204,Developmental and Educational Psychology
85002412582,2017,45,6,1235,Moderators of Parent Training for Disruptive Behaviors in Young Children with Autism Spectrum Disorder,http://dx.doi.org/10.1007/s10802-016-0233-x,3,Journal of Abnormal Child Psychology,chbGq,3204,Developmental and Educational Psychology
84962802414,2016,22,NA,40,"Is ""drunkorexia"" an eating disorder, substance use disorder, or both?",http://dx.doi.org/10.1016/j.eatbeh.2016.03.034,7,Eating Behaviors,IjkPk,3203,Clinical Psychology
85003794616,2017,43,5,818,A joint investigation of semantic facilitation and semantic interference in continuous naming,http://dx.doi.org/10.1037/xlm0000354,0,Journal of Experimental Psychology: Learning Memory and Cognition,eBZgA,3205,Experimental and Cognitive Psychology
85013040836,2017,27,1,27,Describing Work Ability in Case of Mental Disorders,http://dx.doi.org/10.1159/000455995,0,Verhaltenstherapie,Vsbte,3203,Clinical Psychology
84932614626,2015,18,1,83,Rural restructuring and its impact on community recreation opportunities,http://dx.doi.org/10.1080/11745398.2014.980834,6,Annals of Leisure Research,hCOKv,3207,Social Psychology
84930614040,2015,52,NA,96,Cost analysis of long-term outcomes of an urban mental health court,http://dx.doi.org/10.1016/j.evalprogplan.2015.04.002,6,Evaluation and Program Planning,ZdMIS,3207,Social Psychology
84893568975,2014,25,2,547,Conditional Automaticity in Response Selection: Contingent Involuntary Response Inhibition With Varied Stimulus-Response Mapping,http://dx.doi.org/10.1177/0956797613511086,9,Psychological Science,rYkhf,3200,General Psychology
85019402729,2017,29,NA,117,Primary psychosis with comorbid drug abuse and drug-induced psychosis: Diagnostic and clinical evolution at follow up,http://dx.doi.org/10.1016/j.ajp.2017.04.014,2,Asian Journal of Psychiatry,mlHbw,3200,General Psychology
84937549380,2015,75,2,203,WHAT is EFFECTIVE in the THERAPEUTIC PROCESS? A ROUND TABLE DISCUSSION,http://dx.doi.org/10.1057/ajp.2015.7,2,American Journal of Psychoanalysis,rWpUi,3203,Clinical Psychology
84979695800,2016,24,3,222,Diaspora as an Ethnographic Method: Decolonial Reflections on Researching Urban Multi-culture in Outer East London,http://dx.doi.org/10.1177/1103308815618138,1,Young,zZLuf,3204,Developmental and Educational Psychology
84923287700,2015,173,1,60,From affect regulation to deepening of affective experience: The example of borderline personality disorder,http://dx.doi.org/10.1016/j.amp.2013.07.007,2,Annales Medico-Psychologiques,XsEkT,3202,Applied Psychology
84928638407,2015,52,NA,70,Using intervention-oriented evaluation to diagnose and correct students' persistent climate change misconceptions: A Singapore case study,http://dx.doi.org/10.1016/j.evalprogplan.2015.04.001,1,Evaluation and Program Planning,AioEs,3207,Social Psychology
85019186521,2017,10,2,363,Looked after Children and Young People in England: Developing Measures of Subjective Well-Being,http://dx.doi.org/10.1007/s12187-016-9375-1,1,Child Indicators Research,hMgTi,3207,Social Psychology
84908500267,2014,40,10,1373,Social Projection Increases for Positive Targets: Ascertaining the Effect and Exploring Its Antecedents,http://dx.doi.org/10.1177/0146167214545039,4,Personality and Social Psychology Bulletin,SepgC,3207,Social Psychology
85002198153,2016,31,NA,237,Causes and Cures X: Criminal justice approaches,http://dx.doi.org/10.1016/j.avb.2016.11.002,1,Aggression and Violent Behavior,GKRBf,3203,Clinical Psychology
85016512925,2015,12,1,92,Equal collaboration in HUSK,http://dx.doi.org/10.1080/15433714.2014.960216,1,Journal of Evidence-Informed Social Work,GlYRJ,3207,Social Psychology
84897759019,2014,19,2,313,Statutory health assessments for pre-school foster children fail to screen accurately for mental health disorders,http://dx.doi.org/10.1177/1359104513488606,0,Clinical Child Psychology and Psychiatry,LDEUu,3203,Clinical Psychology
84895087509,2014,63,2,219,Relationship quality and depressed affect among a diverse sample of relationally unstable relationship education participants,http://dx.doi.org/10.1111/fare.12064,7,Family Relations,fHAAX,3204,Developmental and Educational Psychology
84930761320,2015,30,2,324,Identifying age-invariant and age-limited mechanisms for enhanced memory performance: Insights from self-referential processing in younger and older adults,http://dx.doi.org/10.1037/a0039116,4,Psychology and Aging,OQBeD,3207,Social Psychology
84978060436,2016,8,3,218,Admiration: A Conceptual Review,http://dx.doi.org/10.1177/1754073915610438,13,Emotion Review,eGlOi,3205,Experimental and Cognitive Psychology
85007241871,2017,53,2,306,Why do some adolescents encounter everyday events that increase their civic interest whereas others do not?,http://dx.doi.org/10.1037/dev0000192,2,Developmental Psychology,BnLwx,3204,Developmental and Educational Psychology
84979792061,2016,53,3,339,Survivalist entrepreneurship in the Great Depression,http://dx.doi.org/10.1016/j.soscij.2016.07.005,0,Social Science Journal,KfsZh,3207,Social Psychology
84890212148,2014,39,1,338,Trends in use of electronic nicotine delivery systems by adolescents,http://dx.doi.org/10.1016/j.addbeh.2013.09.014,74,Addictive Behaviors,AlLuE,3203,Clinical Psychology
85026742903,2015,15,4,309,How do counsellors and psychotherapists understand diet and nutrition as part of the therapy process? A heuristic study,http://dx.doi.org/10.1002/capr.12041,0,Counselling and Psychotherapy Research,IsmEZ,3202,Applied Psychology
85036547537,2017,55,6,419,Adapting the mullen scales of early learning for a standardized measure of development in children with rett syndrome,http://dx.doi.org/10.1352/1934-9556-55.6.419,0,Intellectual and Developmental Disabilities,bFvHN,3204,Developmental and Educational Psychology
84948184324,2016,48,NA,253,Early motor development of children with a congenital cytomegalovirus infection,http://dx.doi.org/10.1016/j.ridd.2015.11.014,3,Research in Developmental Disabilities,SKltL,3203,Clinical Psychology
84978476475,2016,46,13,2705,Effects of multisensory integration processes on response inhibition in adolescent autism spectrum disorder,http://dx.doi.org/10.1017/S0033291716001008,2,Psychological Medicine,WcqBY,3202,Applied Psychology
85018836367,2016,42,3,201,Using area under the curve to examine acquisition of temporal control,http://dx.doi.org/10.5514/rmac.v42.i3.58833,0,Revista Mexicana de Analisis de la Conducta,MEmXP,3202,Applied Psychology
84919958561,2014,33,4,340,Enhancing transitions from addiction treatment to primary care,http://dx.doi.org/10.1080/10550887.2014.969602,0,Journal of Addictive Diseases,HCwAv,3203,Clinical Psychology
85018752854,2017,218,NA,35,Maternal psychological distress and child decision-making,http://dx.doi.org/10.1016/j.jad.2017.04.034,1,Journal of Affective Disorders,HjruH,3203,Clinical Psychology
84994371776,2017,47,2,243,An Evaluation of a Behaviorally Based Social Skills Group for Individuals Diagnosed with Autism Spectrum Disorder,http://dx.doi.org/10.1007/s10803-016-2949-4,2,Journal of Autism and Developmental Disorders,pWlWH,3204,Developmental and Educational Psychology
84930176702,2015,46,2,228,The affective self-regulation of covert and overt reasoning in a promotion vs. Prevention mind-set,http://dx.doi.org/10.1515/ppb-2015-0031,3,Polish Psychological Bulletin,wMHGK,3200,General Psychology
84928952276,2015,28,2,187,"Sexist humor and social identity: The role of sexist humor in men's in-group cohesion, sexual harassment, rape proclivity, and victim blame",http://dx.doi.org/10.1515/humor-2015-0023,10,Humor,NGxCF,3200,General Psychology
85010927816,2015,31,2,208,Attachment Theory in Clinical Practice: A Personal Account,http://dx.doi.org/10.1111/bjp.12151,7,British Journal of Psychotherapy,hiSzu,3203,Clinical Psychology
84976488912,2017,36,4,801,The Social Behavior Scale for Preschool Children: Factorial Structure and Concurrent Validity,http://dx.doi.org/10.1007/s12144-016-9469-4,0,Current Psychology,SXiqg,3200,General Psychology
84964285132,2015,11,NA,361,FMRI functional connectivity applied to adolescent neurodevelopment,http://dx.doi.org/10.1146/annurev-clinpsy-032814-112753,25,Annual Review of Clinical Psychology,RKOam,3203,Clinical Psychology
84947049337,2015,39,4,497,Silent and Infertile: An Intersectional Analysis of the Experiences of Socioeconomically Diverse African American Women With Infertility,http://dx.doi.org/10.1177/0361684315581169,9,Psychology of Women Quarterly,rIDhC,3200,General Psychology
85038853674,2017,61,2,815,Rationale and Design of the Mechanistic Potential of Antihypertensives in Preclinical Alzheimer's (HEART) Trial,http://dx.doi.org/10.3233/JAD-161198,2,Journal of Alzheimer's Disease,BNDMz,3203,Clinical Psychology
84937924869,2015,67,2,321,Health Inequality at the Beginning of Life: The Influence of Maternal Education on the Probability of Preterm Birth,http://dx.doi.org/10.1007/s11577-015-0306-9,0,Kolner Zeitschrift fur Soziologie und Sozialpsychologie,EamgN,3207,Social Psychology
84949256948,2017,41,NA,141,Developmental Changes in Cross-Situational Word Learning: The Inverse Effect of Initial Accuracy,http://dx.doi.org/10.1111/cogs.12322,2,Cognitive Science,rrcaq,3205,Experimental and Cognitive Psychology
84934288948,2014,22,2,61,Conceptual analysis and application reality therapy and cognitive behavior therapy,NA,0,Journal of Psychological and Educational Research,FXaVs,3202,Applied Psychology
84943251742,2015,30,6,683,How Do Young Poles Perceive Their Adulthood?,http://dx.doi.org/10.1177/0743558415569727,1,Journal of Adolescent Research,NKcLJ,3204,Developmental and Educational Psychology
85029450211,2017,65,4,NP1,"Reflections on the Analyst’s “Good Enough” Capacity to Bear Disappointment, with Special Attention to Repetition",http://dx.doi.org/10.1177/0003065117706685,0,Journal of the American Psychoanalytic Association,EmPjm,3203,Clinical Psychology
84902652422,2014,11,3,260,Personal and appearance-based rejection sensitivity in body dysmorphic disorder,http://dx.doi.org/10.1016/j.bodyim.2014.03.004,4,Body Image,uafur,3200,General Psychology
84920923485,2015,77,NA,22,Two mediators of power on subjective well-being in China,http://dx.doi.org/10.1016/j.paid.2014.12.042,3,Personality and Individual Differences,wKrjq,3200,General Psychology
84958074401,2016,25,1,14,Improving the Prediction of Risk for Anxiety Development in Temperamentally Fearful Children,http://dx.doi.org/10.1177/0963721415611601,4,Current Directions in Psychological Science,sbMUu,3200,General Psychology
84906222429,2014,39,NA,92,Effects of new light sources on task switching and mental rotation performance,http://dx.doi.org/10.1016/j.jenvp.2014.03.005,31,Journal of Environmental Psychology,hPKVU,3202,Applied Psychology
84955474684,2016,58,NA,398,The effects of video game use on performance in a virtual navigation task,http://dx.doi.org/10.1016/j.chb.2016.01.020,8,Computers in Human Behavior,ZfTca,3200,General Psychology
85007237313,2017,36,3,215,An online skin cancer risk-reduction intervention for young adults: mechanisms of effects,http://dx.doi.org/10.1037/hea0000420,2,Health Psychology,HdNmC,3202,Applied Psychology
85008946410,2017,NA,290,30,Positive behaviour support with children and families,NA,0,Clinical Psychology Forum,pcbdr,3203,Clinical Psychology
84925878962,2015,12,3,330,African American and European American veterans' perspectives on receiving mental health treatment,http://dx.doi.org/10.1037/a0038702,1,Psychological Services,nOOPN,3202,Applied Psychology
85039986872,2017,53,2,32,Beliefs about inclusive practices among students of teacher education and in-service teachers,NA,0,Hrvatska Revija Za Rehabilitacijska Istrazivanja,cGgKc,3204,Developmental and Educational Psychology
84964808854,2016,51,4,1265,The genetic variability of UCP4 affects the individual susceptibility to late-onset Alzheimer's disease and modifies the disease's risk in apoe- ϵ 4 carriers,http://dx.doi.org/10.3233/JAD-150993,3,Journal of Alzheimer's Disease,EZKlc,3203,Clinical Psychology
84897493258,2014,46,1,81,From Early Childhood Development Policy to Sustainability: The Fragility of Community-Based Childcare Services in Malawi,http://dx.doi.org/10.1007/s13158-014-0101-1,4,International Journal of Early Childhood,VFlFB,3204,Developmental and Educational Psychology
