Number,Title,Topic_area,Eligble,Editorial_or_letter,Systematic_narrative_scoping_review,Meta_analysis,Software_used,Data_shared,Code_shared,Data_available_upon_request
6,"""muscle memory"" not mediated by myonuclear number? Secondary analysis of human detraining data:",NA,0,1,,,,,,
50,8-Week Basic Military Training Improves Adiponectin Multimer Ratio in Healthy Young Males:,Sport/Exercise,1,,,,Not_stated,0,0,0
65,A biomechanical cadaveric study of patellar tendon allograft as an alternative graft material for superior capsule reconstruction:,Medicine,1,,,,Not_stated,0,0,0
84,A combined procedure with Bereiter-type trochleoplasty leads to a stable patellofemoral joint at 5-year follow-up:,Medicine,1,,,,Not_stated,0,0,0
138,A Meta-Analysis of Plyometric Training in Female Youth: Its Efficacy and Shortcomings in the Literature:,Sport/Exercise,1,,,1,Other,1,0,NA
157,A multilevel hypernetworks approach to capture meso-level synchronisation processes in football:,Sport/Exercise,1,,,,SPSS,0,0,0
199,A proposal for a new classification of pes anserinus morphology:,Medicine,1,,,,Other,0,0,0
272,A threshold value of 3.5 mm of passive anterior tibial subluxation on MRI is highly specific for complete ACL tears:,Medicine,1,,,,Stata,0,0,0
341,Active Recovery Induces Greater Endurance Adaptations When Performing Sprint Interval Training:,Sport/Exercise,1,,,,SPSS,0,0,0
369,Acute Effects of Citrulline Supplementation on High-Intensity Strength and Power Performance: A Systematic Review and Meta-Analysis:,Sport/Exercise,1,,,1,R,1,0,NA
370,"Acute Effects of Constant-Angle and Constant-Torque Static Stretching on Passive Stiffness of the Posterior Hip and Thigh Muscles in Healthy, Young and Old Men:",Sport/Exercise,1,,,,SPSS,0,0,0
377,Acute effects of very low-volume high-intensity interval training on muscular fatigue and serum testosterone level vary according to age and training status:,Sport/Exercise,1,,,,Not_stated,0,0,0
417,Adductor Canal Block Versus Femoral Nerve Block for Pain Control After Anterior Cruciate Ligament Reconstruction: A Prospective Randomized Trial:,Medicine,1,,,,R,0,0,0
431,Advanced Age Redistributes Positive but Not Negative Leg Joint Work during Walking:,Sport/Exercise,1,,,,SPSS,0,0,0
454,Aerobic training status does not attenuate prolonged sitting-induced lower limb vascular dysfunction:,Sport/Exercise,1,,,,Not_stated,0,0,0
461,Age at Time of Surgery but Not Sex Is Related to Outcomes After Medial Patellofemoral Ligament Reconstruction:,Medicine,1,,,,Not_stated,0,0,0
508,Altered movement strategies during jump landing/cutting in patients with chronic ankle instability:,Sport/Exercise,1,,,,R,0,0,0
562,"Analysis of foot strike pattern, rearfoot dynamic and foot rotation over childhood. A cross-sectional study:",Sport/Exercise,1,,,,SPSS,0,0,0
565,Analysis of Return to Sport and Weight Training After Repair of the Pectoralis Major Tendon:,Medicine,1,,,,R,0,0,0
583,Anatomical rectangular tunnels identified with the arthroscopic landmarks result in excellent outcomes in ACL reconstruction with a BTB graft:,Medicine,1,,,,Other,0,0,0
611,Anterior cruciate ligament injury risk by season period and competition segment: An analysis of national collegiate athletic association injury surveillance data:,Medicine,1,,,,SAS,0,0,0
733,Arthroscopic Rotator Cuff Repair With a Knotless Suture Bridge Technique: Functional and Radiological Outcomes After a Minimum Follow-Up of 5 Years:,Medicine,1,,,,SAS,0,0,0
774,Assessment of Association Between Spino-Pelvic Parameters and Outcomes Following Gluteus Medius Repair:,Medicine,1,,,,SPSS,0,0,0
779,Assessment of Na+/K+ ATPase Activity in Small Rodent and Human Skeletal Muscle Samples:,Sport/Exercise,1,,,,Other,0,0,0
787,"Association between deoxygenated hemoglobin breaking point, anaerobic threshold, and rowing performance:",Sport/Exercise,1,,,,Not_stated,0,0,0
808,Association of Dynamic Balance With Sports-Related Concussion: A Prospective Cohort Study:,Sport/Exercise,1,,,,SPSS,0,0,0
809,Association of high amounts of physical activity with mortality risk: A systematic review and meta-analysis:,Sport/Exercise,1,,,1,Stata,0,0,1
813,Association of Race and Ethnicity with Total Hip Arthroplasty Outcomes in a Universally Insured Population:,Medicine,1,,,,R,0,0,0
825,Associations Between Insurance Provider and Assistive Technology Use for Computer and Electronic Devices 1 Year After Tetraplegia: Findings From the Spinal Cord Injury Model Systems National Database:,Rehab,1,,,,SAS,0,0,0
833,"Associations of object control motor skill proficiency, game play competence, physical activity and cardiorespiratory fitness among primary school children:",Sport/Exercise,1,,,,Other,0,0,0
884,Average acceleration and intensity gradient of primary school children and associations with indicators of health and well-being:,Sport/Exercise,1,,,,SPSS,0,0,0
892,Bacterial biofilm formation is variably inhibited by different formulations of antibiotic-loaded bone cement in vitro:,Medicine,1,,,,SPSS,0,0,0
982,Biomechanics of lower trapezius and latissimus dorsi transfers in rotator cuff–deficient shoulders:,Sport/Exercise,1,,,,SPSS,0,0,0
1073,'Bundle busters' who is at risk of exceeding the target payment and can they be optimized?:,Medicine,1,,,,Stata,0,0,0
1114,Can some early revision total hip arthroplasties be avoided?:,Medicine,1,,,,SPSS,0,0,0
1119,Can the neck contribute to persistent symptoms post concussion? A prospective descriptive case series:,Medicine,1,,,,Not_stated,0,0,0
1132,Carbohydrate oxidation and glucose utilisation under hyperglycaemia in aged and young males during exercise at the same relative exercise intensity:,Sport/Exercise,1,,,,SPSS,0,0,0
1137,Cardiac parasympathetic and anaerobic performance recovery after high-intensity exercise in rowers:,Sport/Exercise,1,,,,SPSS,0,0,0
1145,Cardiometabolic Response to a Single High-intensity Interval Exercise Session Versus Breaking up Sedentary Time with Fragmented High-intensity Interval Exercise:,Sport/Exercise,1,,,,SPSS,0,0,0
1152,Cardiorespiratory and muscular fitness in young adult Finnish men between 2003 and 2015:,Sport/Exercise,1,,,,SPSS,0,0,0
1177,"Cartilage Restoration Surgery: Incidence Rates, Complications, and Trends as Reported by the American Board of Orthopaedic Surgery Part II Candidates:",Medicine,1,,,,SPSS,0,0,0
1188,Celecoxib cannot inhibit the progression of initiated traumatic heterotopic ossification:,Medicine,1,,,,SPSS,0,0,0
1203,Cervical Alignment of Anterior Cervical Hyperostosis Causing Dysphagia:,Medicine,1,,,,Other,0,0,0
1205,Cervical spinal 5-HT2A and 5-HT2B receptors are both necessary for moderate acute intermittent hypoxia-induced phrenic long-term facilitation:,Sport/Exercise,1,,,,Other,0,0,0
1222,Change in physical activity from adolescence to early adulthood: A systematic review and meta-analysis of longitudinal cohort studies:,Sport/Exercise,1,,,1,Stata,0,0,0
1229,"Changes in Body Composition and Neuromuscular Performance Through Preparation, 2 Competitions, and a Recovery Period in an Experienced Female Physique Athlete:",Sport/Exercise,1,,,,Not_stated,0,0,0
1231,Changes in cerebral oxygen saturation and cerebral blood flow velocity under mild Gz hypergravity:,Sport/Exercise,1,,,,R,0,0,0
1264,Characterization of bone ingrowth and interface mechanics of a new porous 3D printed biomaterial:,Medicine,1,,,,Not_stated,0,0,0
1286,Chronic anterior tibial stress fractures in athletes: No crack but intense remodeling:,Medicine,1,,,,Not_stated,0,0,0
1319,Clinical and radiographic outcomes of chitosan-glycerol phosphate/blood implant are similar with hyaluronic acid-based cell-free scaffold in the treatment of focal osteochondral lesions of the knee joint:,Medicine,1,,,,Not_stated,0,0,0
1348,Clinical Outcomes and Predictive Factors for Failure With Isolated MPFL Reconstruction for Recurrent Patellar Instability: A Series of 211 Reconstructions With a Minimum Follow-up of 3 Years:,Medicine,1,,,,SAS,0,0,0
1350,Clinical outcomes following reverse shoulder arthroplasty–allograft composite for revision of failed arthroplasty associated with proximal humeral bone deficiency: 2- to 15-year follow-up:,Medicine,1,,,,Not_stated,0,0,0
1360,Closed Wound Subfascial Suction Drainage in Posterior Fusion Surgery for Adolescent Idiopathic Scoliosis: A Prospective Randomized Control Study:,Medicine,1,,,,SPSS,0,0,0
1404,Combined total hip and knee arthroplasty during the same hospital admission: Is it safe?:,Medicine,1,,,,Not_stated,0,0,0
1431,Comparative Effectiveness of Cartilage Repair With Respect to the Minimal Clinically Important Difference:,Medicine,1,,,1,Not_stated,0,0,0
1459,Comparison between cuff-based and radial tonometry exercise-induced central blood pressure:,Sport/Exercise,1,,,,SPSS,0,0,0
1464,Comparison of a Vitamin E-infused highly crosslinked polyethylene insert and a conventional polyethylene insert for primary total knee arthroplasty at two years postoperatively:,Medicine,1,,,,SPSS,0,0,0
1493,Comparison of patient-reported outcomes based on implant brand in total knee arthroplasty: A prospective cohort study:,Medicine,1,,,,SAS,0,0,0
1497,Comparison of Postoperative Outcomes According to Compensatory Changes of the Thoracic Spine among Patients with a T1 Slope More Than 40°:,Medicine,1,,,,SPSS,0,0,0
1504,Comparison of reduced-volume high-intensity interval training and high-volume training on endurance performance in triathletes:,Sport/Exercise,1,,,,SPSS,0,0,0
1614,Controlled ecological evaluation of an implemented exercise-training programme to prevent lower limb injuries in sport: Population-level trends in hospital-treated injuries:,Sport/Exercise,1,,,,Not_stated,0,0,0
1624,Coper Classification Early After Anterior Cruciate Ligament Rupture Changes With Progressive Neuromuscular and Strength Training and Is Associated With 2-Year Success: The Delaware-Oslo ACL Cohort Study:,Medicine,1,,,,SAS,0,0,0
1840,Criterion-related validity of self-report walking time from the EPIC questionnaire in older adults:,Rehab,1,,,,Stata,0,0,0
1852,Cross-education does not improve early and late-phase rehabilitation outcomes after ACL reconstruction: a randomized controlled clinical trial:,Medicine,1,,,,SPSS,0,0,0
1887,Cutibacterium acnes in primary reverse shoulder arthroplasty: from skin to deep layers:,Medicine,1,,,,SPSS,0,0,0
1955,Depression and Non-modifiable Patient Factors Associated with Patient Satisfaction in an Academic Orthopaedic Outpatient Clinic: Is it More Than a Provider Issue?:,Medicine,1,,,,SAS,0,0,0
1960,Dermal Calcium Loss Is Not the Primary Determinant of Parathyroid Hormone Secretion during Exercise:,Sport/Exercise,1,,,,SAS,0,0,0
2021,Development of the glenohumeral joint after subscapular release and open relocation in children with brachial plexus birth palsy: long-term results in 61 patients:,Medicine,1,,,,SPSS,0,0,0
2053,Differences in case mix and outcomes between Swiss and Scottish total knee arthroplasty patients:,Medicine,1,,,,SPSS,0,0,0
2086,Directional aiming bias in golf putting:,Sport/Exercise,1,,,,Not_stated,0,0,0
2100,Displaced humeral surgical neck fractures: classification and results of third-generation percutaneous intramedullary nailing:,Medicine,1,,,,Other,0,0,0
2101,Displaced medial end clavicular fractures treated with an inverted distal clavicle plate contoured through 90 degrees:,Medicine,1,,,,Not_stated,0,0,0
2109,Distal tuberosity osteotomy in open-wedge high tibial osteotomy does not exacerbate patellofemoral osteoarthritis on arthroscopic evaluation:,Medicine,1,,,,Other,0,0,0
2143,Do habitual foot-strike patterns in running influence functional Achilles tendon properties during gait?:,Sport/Exercise,1,,,,SPSS,0,0,0
2170,Do the associations of sedentary behaviour with cardiovascular disease mortality and cancer mortality differ by physical activity level? A systematic review and harmonised meta-analysis of data from 850 060 participants:,Sport/Exercise,1,,1,,Other,0,0,0
2207,Does early anterior cruciate ligament reconstruction prevent development of meniscal damage? Results from a secondary analysis of a randomised controlled trial:,Medicine,1,,,,Not_stated,0,0,0
2226,Does Medicaid expansion improve access to care for the first-time shoulder dislocator?:,Medicine,1,,,,Not_stated,0,0,0
2228,Does MRI add value in general practice for patients with traumatic knee complaints? A 1-year randomised controlled trial:,Medicine,1,,,,SPSS,0,0,1
2277,Dose–response relationship of intermittent normobaric hypoxia to stimulate erythropoietin in the context of health promotion in young and old people:,Sport/Exercise,1,,,,SPSS,0,0,0
2286,Drain Use is Associated with Increased Odds of Blood Transfusion in Total Shoulder Arthroplasty: A Population-Based Study:,Medicine,1,,,,SAS,0,0,0
2303,Dynamic balance performance varies by position but not by age group in elite Rugby Union players–a normative study:,Sport/Exercise,1,,,,Not_stated,0,0,0
2327,Early Intervention Service Intensity and Change in Children's Functional Capabilities:,Rehab,1,,,,Stata,0,0,0
2331,Early Mechanical Failure of a Tumoral Endoprosthesic Rotating Hinge in the Knee: Does Bumper Wear Contribute to Hyperextension Failure?:,Medicine,1,,,,NA,1,NA,NA
2336,Early outcomes of locked noncemented stems for the management of proximal humeral fractures: a comparative study:,Medicine,1,,,,Other,0,0,0
2386,Effect of asthma and six-months high-intensity interval training on heart rate variability during exercise in adolescents:,Sport/Exercise,1,,,,SPSS,0,0,0
2408,Effect of different doses of supervised aerobic exercise on heart rate recovery in inactive adults who are overweight or obese: results from E-MECHANIC:,Sport/Exercise,1,,,,SPSS,0,0,0
2442,Effect of ischemic preconditioning and changing inspired O2 fractions on neuromuscular function during intense exercise:,Sport/Exercise,1,,,,SPSS,0,0,0
2452,Effect of Modified Japanese Orthopedic Association Severity Classifications on Satisfaction with Outcomes 12 Months after Elective Surgery for Cervical Spine Myelopathy:,Medicine,1,,,,R,0,0,0
2457,Effect of Penalty Minute Rule Change on Injuries and Game Disqualification Penalties in High School Ice Hockey:,Sport/Exercise,1,,,,Stata,0,0,0
2476,Effect of Stacked Sodium Bicarbonate Loading on Repeated All-out Exercise:,Sport/Exercise,1,,,,R,0,0,0
2483,Effect of training load distribution on aerobic fitness measures in hurling players:,Sport/Exercise,1,,,,Not_stated,0,0,0
2505,Effectiveness of Exercise Interventions for Pain Reduction in People With Multiple Sclerosis: A Systematic Review and Meta-analysis of Randomized Controlled Trials:,Rehab,1,,,1,Stata,0,0,0
2544,"Effects of antisocial behaviour on opponent's anger, attention, and performance:",Sport/Exercise,1,,,,Not_stated,0,0,0
2554,Effects of caffeine and sex on muscle performance and delayed-onset muscle soreness after exercise-induced muscle damage: A double-blind randomized trial:,Sport/Exercise,1,,,,SPSS,0,0,0
2567,Effects of combined resistance training and weightlifting on motor skill performance of adolescent male athletes:,Sport/Exercise,1,,,,SPSS,0,0,0
2632,Effects of mental fatigue on exercise decision-making:,Sport/Exercise,1,,,,SPSS,0,0,0
2637,"Effects of Napping on Alertness, Cognitive, and Physical Outcomes of Karate Athletes:",Sport/Exercise,1,,,,Other,0,0,0
2651,"Effects of Playing Surface on Physical, Physiological, and Perceptual Responses to a Repeated-Sprint Ability Test: Natural Grass Versus Artificial Turf:",Sport/Exercise,1,,,,Other,0,0,0
2652,Effects of plyometric and directional training on physical fitness parameters in youth soccer players:,Sport/Exercise,1,,,,SPSS,0,0,0
2664,Effects of Relative Drop Heights of Drop Jump Biomechanics in Male Volleyball Players:,Sport/Exercise,1,,,,SPSS,0,0,0
2722,Efficacy of suprascapular nerve block compared with subacromial injection: a randomized controlled trial in patients with rotator cuff tears:,Medicine,1,,,,SPSS,0,0,0
2753,Elite athletes as research model: vitamin D insufficiency associates with elevated central blood pressure in professional handball athletes:,Sport/Exercise,1,,,,Stata,0,0,0
2757,Elite sport policies and international sporting success: a panel data analysis of European women’s national football team performance:,Sport/Exercise,1,,,,Not_stated,0,0,0
2764,Emergency action planning in secondary school athletics: A comprehensive evaluation of current adoption of best practice standards:,Sport/Exercise,1,,,,SPSS,0,0,0
2776,Employment Stability in the First 5 Years After Moderate-to-Severe Traumatic Brain Injury:,Rehab,1,,,,Stata,0,0,0
2823,"Epidemiology of secondary school boys' and girls' basketball injuries: National athletic treatment, injury and outcomes network:",Sport/Exercise,1,,,,SPSS,0,0,0
2824,Epidemiology of Shoulder Surgery Among Professional Baseball Players:,Medicine,1,,,,Not_stated,0,0,0
2873,Evaluating the impact of a coach development intervention for improving coaching practices in junior football (soccer): The “MASTER” pilot study:,Sport/Exercise,1,,,,SPSS,0,0,0
2876,Evaluation of a 3D-printed total knee arthroplasty using radiostereometric analysis: Assessment of highly porous biological fixation of the tibial baseplate and metal-backed patellar component:,Medicine,1,,,,SAS,0,0,0
2879,Evaluation of an In-Ear Sensor for Quantifying Head Impacts in Youth Soccer:,Sport/Exercise,1,,,,SPSS,0,0,0
2949,Exercise prevents the adverse effects of maternal obesity on placental vascularization and fetal growth:,Sport/Exercise,1,,,,SAS,0,0,0
2952,Exercise Therapy in Addition to an Orthosis Reduces Pain More Than an Orthosis Alone in Patients With Thumb Base Osteoarthritis: A Propensity Score Matching Study:,Sport/Exercise,1,,,,Not_stated,0,0,0
2974,Exercise-Mobilized Platelet-Rich Plasma: Short-Term Exercise Increases Stem Cell and Platelet Concentrations in Platelet-Rich Plasma:,Medicine,1,,,,Other,0,0,0
3013,Facilitators to support the implementation of injury prevention training in youth handball: A concept mapping approach:,Sport/Exercise,1,,,,Other,1,0,NA
3037,Factors predictive of Cutibacterium periprosthetic shoulder infections: a retrospective study of 342 prosthetic revisions:,Medicine,1,,,,R,0,0,0
3050,Fan response to the identity threat of potential team relocation:,Sport/Exercise,1,,,,Other,0,0,0
3085,Female rugby union injuries in New Zealand: A review of five years (2013–2017) of Accident Compensation Corporation moderate to severe claims and costs:,Sport/Exercise,1,,,,SPSS,0,0,0
3088,Femoral Bone Remodeling in Revision Total Hip Arthroplasty with Use of Modular Compared with Monoblock Tapered Fluted Titanium Stems: The Role of Stem Length and Stiffness:,Medicine,1,,,,SPSS,0,0,0
3096,Femoral tunnel widening is similar between anteromedial portal and transtibial techniques following single-bundle anterior cruciate ligament reconstruction: a systematic review and meta-analysis:,Medicine,1,,,1,R,0,0,0
3101,Fiber Type Composition and Rate of Force Development in Endurance- and Resistance-Trained Individuals:,Sport/Exercise,1,,,,SPSS,0,0,0
3103,Fibre-type-specific and Mitochondrial Biomarkers of Muscle Damage after Mountain Races:,Sport/Exercise,1,,,,SPSS,0,0,0
3114,Financial incentives for physical activity in adults: Systematic review and meta-analysis:,Sport/Exercise,1,,,1,Other,1,0,NA
3126,"Fitness, knee function and competition performance in professional alpine skiers after ACL injury:",Medicine,1,,,,SPSS,0,0,0
3135,Flexible reamers create comparable anterior cruciate ligament reconstruction femoral tunnels without the hyperflexion required with rigid reamers: 3D-CT analysis of tunnel morphology in a randomised clinical trial:,Medicine,1,,,,SPSS,0,0,0
3218,Functional Resistance Training and Affective Response in Female College-Age Students:,Sport/Exercise,1,,,,SPSS,0,0,0
3221,Fungal prosthetic joint infection in total hip or knee arthroplasty:,Medicine,1,,,,Not_stated,0,0,0
3226,Gait after Birmingham hip resurfacing: An age-matched controlled prospective study:,Medicine,1,,,,Other,0,0,0
3231,Gait Mechanics and T1? MRI of Tibiofemoral Cartilage 6 Months after ACL Reconstruction:,Medicine,1,,,,SPSS,0,0,0
3246,Generalized joint hypermobility does not influence clinical outcomes following isolated MPFL reconstruction for patellofemoral instability:,Medicine,1,,,,SAS,0,0,0
3284,Goal-directed self-talk used to self-regulate in male basketball competitions:,Sport/Exercise,1,,,,Not_stated,0,0,0
3314,Halo Gravity Traction Can Mitigate Preoperative Risk Factors and Early Surgical Complications in Complex Spine Deformity:,Medicine,1,,,,Not_stated,0,0,0
3336,Health Care Costs and Opioid Use Associated With High-impact Chronic Spinal Pain in the United States:,Rehab,1,,,,Stata,0,0,0
3343,Health-related Outcomes after a Youth Sport-related Knee Injury:,Medicine,1,,,,Stata,0,0,0
3351,Heart-rate variability in elite synchronized swimmers:,Sport/Exercise,1,,,,Other,0,0,0
3373,High knee loading in male adolescent pre-professional football players: Effects of a targeted training programme:,Sport/Exercise,1,,,,SPSS,0,0,0
3488,How does exercise treatment compare with antihypertensive medications? A network meta-analysis of 391 randomised controlled trials assessing exercise and medication effects on systolic blood pressure:,Medicine,1,,,1,Other,0,0,1
3519,Hybrid growing rod technique of osteotomy with short fusion and spinal distraction: An alternative solution for long-spanned congenital scoliosis:,Medicine,1,,,,SPSS,1,0,NA
3528,Hypotensive Effect of Heated Water-based Exercise in Older Individuals with Hypertension:,Sport/Exercise,1,,,,SPSS,0,0,0
3535,Iatrogenic Medial Collateral Ligament Injury by Valgus Stress During Arthroscopic Surgery of the Knee:,Medicine,1,,,,Not_stated,0,0,0
3606,Impact of sports participation on mortality rates among Brazilian adults:,Sport/Exercise,1,,,,Other,0,0,0
3622,Impairment-based rehabilitation with patterned electrical neuromuscular stimulation and lower extremity function in individuals with patellofemoral pain: A preliminary study:,Sport/Exercise,1,,,,SPSS,0,0,0
3652,Improvement in Back and Leg Pain and Disability Following Adult Spinal Deformity Surgery: Study of 324 Patients With 2-year Follow-up and the Impact of Surgery on Patient-reported Outcomes:,Medicine,1,,,,Not_stated,0,0,0
3690,In vivo blood metal ion levels in patients after total shoulder arthroplasty:,Medicine,1,,,,SPSS,0,0,0
3700,Inadequate Postoperative Energy Intake Relative to Total Energy Requirements Diminishes Acute Phase Functional Recovery From Hip Fracture:,Medicine,1,,,,R,0,0,0
3738,Increased Proportion of Fusion Surgery for Degenerative Lumbar Spondylolisthesis and Changes in Reoperation Rate: A Nationwide Cohort Study with a Minimum 5-Year Follow-up:,Medicine,1,,,,SAS,0,0,0
3751,Increasing Numbers of Shoulder Corticosteroid Injections Within a Year Preoperatively May Be Associated With a Higher Rate of Subsequent Revision Rotator Cuff Surgery:,Medicine,1,,,,Not_stated,0,0,0
3765,Individual and Combined Effect of Inter-repetition Rest and Elastic Bands on Jumping Potentiation in Resistance-Trained Men:,Sport/Exercise,1,,,,SPSS,0,0,0
3775,Individuals with and without low back pain use different motor control strategies to achieve spinal stiffness during the prone instability test:,Rehab,1,,,,SPSS,0,0,0
3806,Influence of Peer-led Wheelchair Training on Wheelchair Skills and Participation in Older Adults: Clinical Outcomes of a Randomized Controlled Feasibility Trial:,Sport/Exercise,1,,,,SPSS,0,0,0
3812,Influence of Risky Pathoanatomy and Demographic Factors on Clinical Outcomes After Isolated Medial Patellofemoral Ligament Reconstruction: A Regression Analysis:,Medicine,1,,,,SAS,0,0,0
3817,"Influence of the ""slingshot"" bench press training aid on bench press kinematics and neuromuscular activity in competitive powerlifters:",Sport/Exercise,1,,,,Other,0,0,0
3827,Initial Provider Specialty Is Associated with Long-term Opiate Use in Patients with Newly Diagnosed Low Back and Lower Extremity Pain:,Rehab,1,,,,Stata,0,0,0
3856,Inspiratory muscle training effects on oxygen saturation and performance in hypoxemic rowers: Effect of sex:,Sport/Exercise,1,,,,SPSS,0,0,0
3940,Intrawound vancomycin powder increases post-operative wound complications and does not decrease periprosthetic joint infection in primary total and unicompartmental knee arthroplasties:,Medicine,1,,,,SPSS,0,0,0
3957,Ionotropic and metabotropic kainate receptor signalling regulates Cl ? homeostasis and GABAergic inhibition:,Sport/Exercise,1,,,,Not_stated,0,0,0
3991,Is Lateral Posterior Tibial Slope Correlated With Clinical Outcomes of Lateral Meniscus Allograft Transplantation?:,Medicine,1,,,,SPSS,0,0,0
3993,Is Microfracture Necessary? Acetabular Chondrolabral Debridement/Abrasion Demonstrates Similar Outcomes and Survival to Microfracture in Hip Arthroscopy: A Multicenter Analysis:,Medicine,1,,,,R,0,0,0
4049,Isometric resistance training increases strength and alters histopathology of dystrophin-deficient mouse skeletal muscle:,Sport/Exercise,1,,,,Not_stated,0,0,0
4095,Kinematic alignment in total knee arthroplasty leads to a better restoration of patellar kinematics compared to mechanic alignment:,Medicine,1,,,,SPSS,0,0,0
4151,Left atrial volume in elite athletes: A meta-analysis of echocardiographic studies:,Sport/Exercise,1,,,1,Other,1,0,NA
4154,Leg- vs arm-cycling repeated sprints with blood flow restriction and systemic hypoxia:,Sport/Exercise,1,,,,R,0,0,0
4169,"Letting the cat out of the bag: Athletes, coaches and physiotherapists share their perspectives on injury prevention in elite sports:",Sport/Exercise,1,,,,Not_stated,0,0,0
4201,Load imbalances existed as determined by a sensor after conventional gap balancing with a tensiometer in total knee arthroplasty:,Medicine,1,,,,Not_stated,0,0,0
4237,Longitudinal trajectories of emotions among young athletes involving in intense training centres: Do emotional intelligence and emotional regulation matter?:,Sport/Exercise,1,,,,Other,0,0,0
4268,Long-Term Results of a 2-Stage Exchange Protocol for Periprosthetic Joint Infection Following Total Hip Arthroplasty in 164 Hips:,Medicine,1,,,,SAS,0,0,0
4277,Long-term results of tripolar constrained total hip arthroplasty in revision hip arthroplasty:,Medicine,1,,,,Not_stated,0,0,0
4301,Low predictive power of comorbidity indices identified for mortality after acute arthroplasty surgery undertaken for femoral neck fracture:,Medicine,1,,,,R,0,0,0
4388,Market reactions to sport sponsorship announcements: Comparison between sponsors and their rivals:,Sport/Exercise,1,,,,Not_stated,0,0,0
4395,Match-related time course of perceived recovery in youth football players:,Sport/Exercise,1,,,,SPSS,0,0,0
4414,Maximum Walking Speed at Discharge Could Be a Prognostic Factor for Vascular Events in Patients With Mild Stroke: A Cohort Study:,Rehab,1,,,,SPSS,0,0,0
4465,Medial Unicompartmental Knee Arthroplasty for the Treatment of Focal Femoral Osteonecrosis:,Medicine,1,,,,Other,0,0,0
4470,Mediating Effect of Muscle on the Relationship of Physical Activity and Bone:,Sport/Exercise,1,,,,SPSS,0,0,0
4516,Metabolic Implications of Diet and Energy Intake during Physical Inactivity:,Sport/Exercise,1,,,,SPSS,0,0,0
4518,Metabolic profiling of elite athletes with different cardiovascular demand:,Sport/Exercise,1,,,,R,0,0,1
4546,Midshaft Clavicle Fractures: Surgery Provides Better Results as Compared With Nonoperative Treatment: A Meta-analysis:,Medicine,1,,,1,Other,1,0,NA
4611,Modic Changes Are Not Associated with Long-term Pain and Disability: A Cohort Study with 13-year Follow-up:,Rehab,1,,,,Not_stated,0,0,0
4634,Monitoring workload in elite female basketball players during the in-season phase: Weekly fluctuations and effect of playing time:,Sport/Exercise,1,,,,R,0,0,0
4657,"Motivation for sports participation, injury prevention expectations, injury risk perceptions and health problems in youth floorball players:",Sport/Exercise,1,,,,SPSS,0,0,0
4708,Muscle Activity Pattern Dysfunction During Sit to Stand and Stand to Sit in the Movement System Impairment Subgroups of Low Back Pain:,Sport/Exercise,1,,,,SPSS,0,0,0
4752,Natural Language Processing for the Identification of Surgical Site Infections in Orthopaedics:,Medicine,1,,,,Not_stated,0,0,0
4803,Ninety-day complications following the Latarjet procedure:,Medicine,1,,,,SPSS,0,0,0
4820,No Difference in Outcomes Detected Between Decellular Nerve Allograft and Cable Autograft in Rat Sciatic Nerve Defects:,Medicine,1,,,,Not_stated,0,0,0
4834,No ergogenic effects of a 10-day combined heat and hypoxic acclimation on aerobic performance in normoxic thermoneutral or hot conditions:,Sport/Exercise,1,,,,Other,0,0,0
4901,Nutritional supplementation boosts aerobic exercise effects on functional brain systems:,Sport/Exercise,1,,,,R,1,0,NA
4905,Obesity should not be considered a contraindication to medial Oxford UKA: long-term patient-reported outcomes and implant survival in 1000 knees:,Medicine,1,,,,R,0,0,0
4916,Oestrogen replacement improves bone mineral density in oligo-amenorrhoeic athletes: A randomised clinical trial:,Sport/Exercise,1,,,,SAS,0,0,0
4919,Old and exciting? Sport sponsorship effects on brand age and brand personality:,Sport/Exercise,1,,,,Not_stated,0,0,0
4938,"One week of magnesium supplementation lowers IL-6, muscle soreness and increases post-exercise blood glucose in response to downhill running:",Sport/Exercise,1,,,,Other,0,0,0
4977,Opioid-Limiting Regulation: Effect on Patients Undergoing Knee and Shoulder Arthroscopy:,Medicine,1,,,,Stata,0,0,0
4999,Organised and non-organised after-school physical activity among children in Spain: the role of school-related variables:,Sport/Exercise,1,,,,Not_stated,0,0,0
5001,"Origins, Courses, and Distributions of the Lumbar Arterial Branches in Relation to the Spinal Nerves: An Anatomical Study:",Sport/Exercise,1,,,,SPSS,0,0,0
5055,Outcomes of repeat two-stage exchange hip arthroplasty for prosthetic joint infection:,Medicine,1,,,,SPSS,0,0,0
5163,Patients With Borderline Hip Dysplasia Achieve Clinically Significant Outcome After Arthroscopic Femoroacetabular Impingement Surgery: A Case-Control Study With Minimum 2-Year Follow-up:,Medicine,1,,,,Not_stated,0,0,0
5173,Patient-specific high-tibial osteotomy’s ‘cutting-guides’ decrease operating time and the number of fluoroscopic images taken after a Brief Learning Curve:,Medicine,1,,,,SPSS,0,0,0
5177,Patterns in Outcomes Reporting of Operatively Managed Pediatric Patellofemoral Instability: A Systematic Review and Meta-analysis:,Medicine,1,,,1,Not_stated,0,0,0
5182,Peak oxygen uptake cut-points to identify children at increased cardiometabolic risk – The PANIC Study:,Sport/Exercise,1,,,,SPSS,0,0,0
5208,Perceptions of coach doping confrontation efficacy and athlete susceptibility to intentional and inadvertent doping:,Sport/Exercise,1,,,,Not_stated,0,0,0
5213,Percutaneous fixation with Kirschner wires versus volar locking-plate fixation in adults with dorsally displaced fracture of distal radius: Five-year follow-up of a randomized controlled trial:,Medicine,1,,,,R,0,0,0
5234,Perineal Pressure during Hip Arthroscopy Is Reduced by Use of Trendelenburg: A Prospective Study with Randomized Order of Positioning:,Medicine,1,,,,Not_stated,0,0,0
5239,"Perioperative Catheter Use as a Risk Factor for Surgical Site Infection after Cervical Surgery: An Analysis of 39,893 Patients:",Medicine,1,,,,SPSS,0,0,0
5287,Physical Activity and Sedentary Time: Association with Metabolic Health and Liver Fat:,Sport/Exercise,1,,,,Not_stated,0,0,0
5322,Physical function in older adults: Impacts of past and present physical activity behaviors:,Sport/Exercise,1,,,,SPSS,0,0,0
5351,Physiological Responses to Exercise in Pediatric Heart Transplant Recipients:,Sport/Exercise,1,,,,SPSS,0,0,0
5366,Placental oxygen transfer reduces hypoxia-reoxygenation swings in fetal blood in a sheep model of gestational sleep apnea:,Sport/Exercise,1,,,,Not_stated,0,0,0
5410,"Posterior cruciate ligament resection in total knee arthroplasty: The effect on flexion-extension gaps, mediolateral laxity, and fixed flexion deformity:",Medicine,1,,,,SPSS,0,0,0
5418,Posterior tibial slope angle is associated with flexion-type Salter–Harris II and Watson–Jones type IV fractures of the proximal tibia:,Medicine,1,,,,SPSS,0,0,0
5478,Predicting dynamic balance improvements following 4-weeks of balance training in chronic ankle instability patients:,Rehab,1,,,,Not_stated,0,0,0
5483,Predicting on-ice skating using laboratory- A nd field-based assessments in college ice hockey players:,Sport/Exercise,1,,,,SPSS,0,0,0
5500,Prediction of upper extremity peak oxygen consumption from heart rate during submaximal arm cycling in young and middle-aged adults:,Sport/Exercise,1,,,,SPSS,0,0,0
5503,Predictive factors for developing osteochondritis dissecans after surgery for discoid lateral meniscus are younger age and shorter meniscal width:,Medicine,1,,,,SPSS,0,0,0
5558,Preoperative sagittal spinal profile of adolescent idiopathic scoliosis lenke types and non-scoliotic adolescents: A systematic review and meta-Analysis:,Medicine,1,,,1,R,1,0,NA
5576,Presence of Spotters Improves Bench Press Performance: A Deception Study:,Sport/Exercise,1,,,,SPSS,0,0,0
5599,Prevalence of knee osteoarthritis features on magnetic resonance imaging in asymptomatic uninjured adults: a systematic review and meta-analysis:,Medicine,1,,,1,Stata,1,0,NA
5600,Prevalence of objectively measured sedentary behavior in early years: Systematic review and meta-analysis:,Sport/Exercise,1,,,1,Other,1,0,NA
5612,Primary ACL reconstruction using the LARS device is associated with a high failure rate at minimum of 6-year follow-up:,Medicine,1,,,,SPSS,0,0,0
5690,Protein composition of the muscle mitochondrial reticulum during postnatal development:,Sport/Exercise,1,,,,Not_stated,1,0,NA
5695,Proven accuracy for a new dynamic gap measurement in navigated TKA:,Sport/Exercise,1,,,,Other,0,0,0
5705,Psychological characteristics of developing excellence in elite youth football players in English professional academies:,Sport/Exercise,1,,,,Other,0,0,0
5735,Quadriceps Impairment Is Associated with Gait Mechanics in Young Adults with Obesity:,Sport/Exercise,1,,,,SPSS,0,0,0
5742,Quality of Life in Males and Females with Idiopathic Scoliosis:,Medicine,1,,,,Not_stated,0,0,0
5756,Quantitative Correction of Cervical Sagittal Deformity in Atlanto-Axial Dislocation:,Medicine,1,,,,SPSS,0,0,0
5758,Quantitative risk factor analysis of postoperative dysphagia after anterior cervical discectomy and fusion (acdf) using the eating assessment tool-10 (eat-10):,Medicine,1,,,,R,0,0,0
5825,Recommending goals and supporting needs: An intervention to help physical education teachers communicate their expectations while supporting students’ psychological needs:,Sport/Exercise,1,,,,Other,0,0,0
5876,Regional Lymph Node Involvement Is Associated with Poorer Survivorship in Patients with Chondrosarcoma: A SEER Analysis:,Medicine,1,,,,Stata,0,0,0
5877,Regional or General Anesthesia in the Surgical Treatment of Distal Radial Fractures: A Randomized Clinical Trial:,Medicine,1,,,,SPSS,0,0,1
5891,Rehabilitation predictors of clinical outcome following revision ACL reconstruction in the MARS cohort:,Medicine,1,,,,R,0,0,0
5922,Relationship of Activity Patterns to Acute Mountain Sickness in South Pole Workers:,Sport/Exercise,1,,,,SPSS,0,0,0
5936,"Relative Age Effect in Collegiate Soccer: Influence of Nationality, Playing Position, and Class:",Sport/Exercise,1,,,,Not_stated,0,0,0
5939,Release of the medial collateral ligament is mandatory in medial open-wedge high tibial osteotomy:,Medicine,1,,,,SPSS,0,0,0
5987,Repetitive Head Impacts in Football Do Not Impair Dynamic Postural Control:,Sport/Exercise,1,,,,Stata,0,0,0
6032,Respiratory Complications after Posterior Spinal Fusion for Neuromuscular Scoliosis: Children with Rett Syndrome at Greater Risk Than Those with Cerebral Palsy:,Sport/Exercise,1,,,,Stata,0,0,0
6059,"Retrospective, nonrandomized analysis of subcutaneous anterior transposition versus in situ decompression of the ulnar nerve of military service members:",Medicine,1,,,,Not_stated,0,0,0
6062,Return to Dance and Predictors of Outcome After Hip Arthroscopy for Femoroacetabular Impingement Syndrome:,Medicine,1,,,,SPSS,0,0,0
6067,Return to Play and Long-term Participation in Pivoting Sports After Anterior Cruciate Ligament Reconstruction:,Medicine,1,,,,SPSS,0,0,0
6079,Return to Work Following High Tibial Osteotomy With Concomitant Osteochondral Allograft Transplantation:,Medicine,1,,,,Not_stated,0,0,0
6164,Role of zebrafish ClC-K/barttin channels in apical kidney chloride reabsorption:,Sport/Exercise,1,,,,Other,0,0,0
6235,Sedentary behavior in everyday life relates negatively to mood: An ambulatory assessment study:,Sport/Exercise,1,,,,SPSS,0,0,0
6254,Self-reported physical activity level does not alter whole-body total heat loss independently of aerobic fitness in young adults during exercise in the heat:,Sport/Exercise,1,,,,SPSS,0,0,0
6319,Shoe-mounted accelerometers should be used with caution in gait retraining:,Sport/Exercise,1,,,,SPSS,0,0,0
6323,Shortening of airway smooth muscle is modulated by prolonging the time without simulated deep inspirations in ovine tracheal strips:,Sport/Exercise,1,,,,Other,0,0,0
6377,Single- Versus Double-Row Repair of Hip Abductor Tears: A Biomechanical Matched Cadaver Study:,Medicine,1,,,,Other,0,0,0
6384,Single-nucleotide-polymorphism-panel population-genetics approach based on the 1000 genomes database and elite soccer players:,Sport/Exercise,1,,,,R,0,0,0
6388,SIRT1 overexpression attenuates offspring metabolic and liver disorders as a result of maternal high-fat feeding:,Sport/Exercise,1,,,,Not_stated,0,0,0
6421,"Small fish, big pond: The role of health-related fitness and perceived athletic competence in mediating the physical activity-motor competence relationship during the transition from primary to secondary school:",Sport/Exercise,1,,,,SPSS,0,0,0
6433,Sniffing behaviour-related changes in cardiac and cortical activity in rats:,Sport/Exercise,1,,,,Other,0,0,0
6475,Spinal injury analysis for typical snowboarding backward falls:,Medicine,1,,,,Other,0,0,0
6482,Spontaneous cardiac baroreflex sensitivity is enhanced during post-exercise ischemia in men but not in women:,Sport/Exercise,1,,,,SPSS,0,0,0
6545,Steep lateral tibial slope and lateral-to-medial slope asymmetry are risk factors for concomitant posterolateral meniscus root tears in anterior cruciate ligament injuries:,Medicine,1,,,,SPSS,0,0,0
6549,Stem Cell–Conditioned Medium Promotes Graft Remodeling of Midsubstance and Intratunnel Incorporation After Anterior Cruciate Ligament Reconstruction in a Rat Model:,Medicine,1,,,,Not_stated,0,0,0
6550,Step Activity after Surgical Treatment of Ankle Arthritis:,Sport/Exercise,1,,,,R,0,0,0
6646,Surgical treatment of Vancouver type B periprosthetic femoral fractures: Patient characteristics and outcomes of 1381 fractures treated in Sweden between 2001 and 2011:,Medicine,1,,,,SPSS,0,0,0
6655,Suspended Push-up Training Augments Size of not only Upper Limb but also Abdominal Muscles:,Sport/Exercise,1,,,,SPSS,0,0,0
6700,Tandem gait test-retest reliability among healthy child and adolescent athletes:,Sport/Exercise,1,,,,SPSS,0,0,0
6741,Ten-year Longitudinal Follow-up MRI Study of Age-related Changes in Thoracic Intervertebral Discs in Asymptomatic Subjects:,Medicine,1,,,,SPSS,0,0,0
6811,The association of grip strength with depressive symptoms and cortisol in hair: A cross-sectional study of older adults:,Sport/Exercise,1,,,,SPSS,0,0,0
6824,The biomechanical difference between running with traditional and 3D printed orthoses:,Medicine,1,,,,SPSS,0,0,0
6851,"The complexity of bony malalignment in patellofemoral disorders: femoral and tibial torsion, trochlear dysplasia, TT–TG distance, and frontal mechanical axis correlate with each other:",Medicine,1,,,,SPSS,0,0,0
6878,The Development of a New Computer-Adaptive Test to Evaluate Strain in Caregivers of Individuals With TBI: TBI-CareQOL Caregiver Strain:,Rehab,1,,,,Other,0,0,0
6910,The effect of blood flow occlusion during acute low-intensity isometric elbow flexion exercise:,Sport/Exercise,1,,,,SPSS,0,0,0
6918,The Effect of Core Stabilization Exercises on Trunk-Pelvis Three-Dimensional Kinematics During Gait in Non-Specific Chronic Low Back Pain:,Sport/Exercise,1,,,,SPSS,0,0,0
6933,The effect of implant modification: The low contact stress experience:,Medicine,1,,,,Stata,0,0,0
6943,The Effect of Pedaling Cadence on Skeletal Muscle Oxygenation during Cycling at Moderate Exercise Intensity:,Sport/Exercise,1,,,,Other,0,0,0
6954,The Effect of Screw Design and Cortical Augmentation on Insertional Torque and Compression in Coracoid-Glenoid Fixation in a Sawbones Model:,Medicine,1,,,,SPSS,0,0,0
7056,"The formation of perianchor fluid associated with various suture anchors used in rotator cuff repair: All-suture, polyetheretherketone, and biocomposite anchors:",Medicine,1,,,,SPSS,0,0,0
7115,"The incidence, prevalence, nature, severity and mechanisms of injury in elite female cricketers: A prospective cohort study:",Sport/Exercise,1,,,,SPSS,0,0,0
7122,"The influence of biological sex and cuff width on muscle swelling, echo intensity, and the fatigue response to blood flow restricted exercise:",Sport/Exercise,1,,,,Other,0,0,0
7139,The influence of match phase and field position on collective team behaviour in Australian Rules football:,Sport/Exercise,1,,,,SPSS,0,0,0
7154,The influence of short-term fixture congestion on position specific match running performance and external loading patterns in English professional soccer:,Sport/Exercise,1,,,,SPSS,0,0,0
7192,The Microsurgical Treatment of Lumbar Disc Herniation: A Report of 158 Patients With a Mean Follow-up of More Than 32 Years:,Medicine,1,,,,SPSS,0,0,0
7202,The national football league combine 40-yd dash: How important is maximum velocity?:,Sport/Exercise,1,,,,SAS,0,0,0
7212,The NIH Minimal Dataset for Chronic Low Back Pain: Responsiveness and Minimal Clinically Important Change:,Sport/Exercise,1,,,,Not_stated,0,0,0
7246,"The Ponseti Method Decreased the Surgical Incidence in Children with Congenital Clubfoot: A Population-Based, 8 Birth-Year Cohort Study:",Medicine,1,,,,SAS,0,0,0
7285,The Relationship between Dural Ossification and Spinal Stenosis in Thoracic Ossification of the Ligamentum Flavum:,Medicine,1,,,,SPSS,0,0,0
7415,The use of medication and alcohol in recreational downhill skiers: Results of a survey including 816 subjects in Tyrol:,Sport/Exercise,1,,,,SPSS,0,0,0
7450,Thermosensory mapping of skin wetness sensitivity across the body of young males and females at rest and following maximal incremental running:,Sport/Exercise,1,,,,Other,0,0,0
7477,Tibial Slope and Its Effect on Graft Force in Posterior Cruciate Ligament Reconstructions:,Medicine,1,,,,R,0,0,0
7504,Timing of anterior cruciate ligament reconstruction and preoperative pain are important predictors for postoperative kinesiophobia:,Medicine,1,,,,SPSS,0,0,0
7538,Total volume of cam deformity alone predicts outcome in arthroscopy for femoroacetabular impingement:,Medicine,1,,,,SPSS,0,0,0
7574,Training-monitoring engagement: An evidence-based approach in elite sport:,Sport/Exercise,1,,,,Other,0,0,0
7594,"Translation, cross-cultural adaptation, validation, and measurement properties of the Spanish version of the anterior cruciate ligament-return to sport after injury (ACL-RSI-Sp) scale:",Medicine,1,,,,SPSS,0,0,0
7600,Transplantation of Aggregates of Autologous Synovial Mesenchymal Stem Cells for Treatment of Cartilage Defects in the Femoral Condyle and the Femoral Groove in Microminipigs:,Medicine,1,,,,Not_stated,0,0,0
7606,Treadmill running using an RPE-clamp model: mediators of perception and implications for exercise prescription:,Sport/Exercise,1,,,,SPSS,0,0,0
7608,Treatment for frailty does not improve complication rates in corrective surgery for adult spinal deformity:,Medicine,1,,,,SPSS,0,0,0
7637,"Trunk exercise training improves muscle size, strength, and function in older adults: A randomized controlled trial:",Sport/Exercise,1,,,,SPSS,0,0,0
7638,Trunk Muscle Activation in the Back and Hack Squat at the Same Relative Loads:,Sport/Exercise,1,,,,Other,0,0,0
7641,"Trunk Muscle Endurance, Flexibility, Stride Foot Balance, and Contralateral Trunk Lean in Collegiate Baseball Pitchers:",Sport/Exercise,1,,,,SPSS,0,0,0
7669,Ulnar collateral ligament insufficiency affects cubital tunnel syndrome during throwing motion: a cadaveric biomechanical study:,Medicine,1,,,,Other,0,0,0
7718,Unloader knee brace increases medial compartment joint space during gait in knee osteoarthritis patients:,Medicine,1,,,,SPSS,0,0,0
7741,Use of a Gaming Platform for Balance Training After a Stroke: A Randomized Trial:,Rehab,1,,,,SPSS,0,0,0
7745,Use of Human Placenta-Derived Cells in a Preclinical Model of Tendon Injury:,Medicine,1,,,,Not_stated,0,0,0
7774,"Using tele-health to enhance motivation, leisure time physical activity, and quality of life in adults with spinal cord injury: A self-determination theory-based pilot randomized control trial:",Rehab,1,,,,Other,0,0,0
7776,Using the single leg squat as an assessment of stride leg knee mechanics in adolescent baseball pitchers:,Sport/Exercise,1,,,,SPSS,0,0,0
7799,Validation of Simendo Knee Arthroscopy Virtual Reality Simulator:,Medicine,1,,,,SPSS,0,0,0
7806,Validation of the registration accuracy of navigation-assisted arthroscopic débridement for elbow osteoarthritis:,Medicine,1,,,,Other,0,0,0
7854,Variation in Graft Bending Angle During Range of Motion in Single-Bundle Posterior Cruciate Ligament Reconstruction: A 3-Dimensional Computed Tomography Analysis of 2 Techniques:,Medicine,1,,,,SPSS,0,0,0
7898,Visit Duration Does Not Correlate with Perceived Physician Empathy:,Medicine,1,,,,Not_stated,0,0,0
7971,"What Is the Effect of Vitamin C on Finger Stiffness after Distal Radius Fracture? A Double-blind, Placebo-controlled Randomized Trial:",Medicine,1,,,,Not_stated,0,0,0
8045,Where to go: Computational and visual what-if analyses in soccer:,Sport/Exercise,1,,,,Not_stated,0,0,0
8077,Working overtime: The effects of overtime periods on game demands in basketball players:,Sport/Exercise,1,,,,SPSS,0,0,0
8081,Wrist-specific accelerometry methods for estimating free-living physical activity:,Sport/Exercise,1,,,,SPSS,0,0,0
74,A brief introduction to health economics:,NA,0,,1,,,,,
263,A systematic review of sport for development interventions across six global cities:,NA,0,,1,,,,,
427,Adopting physical activity to help combat end-stage renal disease:,NA,0,,1,,,,,
486,Alignment in TKA: what has been clear is not anymore!:,NA,0,1,,,,,,
727,Arthroscopic Remplissage for Anterior Shoulder Instability: A Systematic Review of Clinical and Biomechanical Studies:,NA,0,,1,,,,,
750,ArtiFacts: Fighting Wartime Wound Infections with the Carrel-Dakin Method:,NA,0,1,,,,,,
763,Assessing the psychosocial factors associated with adherence to exercise referral schemes: A systematic review:,NA,0,,1,,,,,
909,Before and after major neck surgery:,NA,0,1,,,,,,
927,Beware the luck' capstone:,NA,0,1,,,,,,
1027,Bone graft substitutes in single-or double-level anterior cervical discectomy and fusion: A systematic review:,NA,0,,1,,,,,
1048,Breaking down the human motor cortex: the layer-specific measurement of corticospinal neuronal activity:,NA,0,1,,,,,,
1059,"Bright spots, physical activity investments that work - Gators in Motion: A holistic approach to sport-based youth development:",NA,0,,1,,,,,
1556,Computational methods to model complex systems in sports injury research: Agent-based modelling (ABM) and systems dynamics (SD) modelling:,NA,0,1,,,,,,
1663,CORR Insights®: Can patients forecast their postoperative disability and pain?:,NA,0,1,,,,,,
1707,CORR Insights®: Intrawound antibiotic powder decreases frequency of deep infection and severity of heterotopic ossification in combat lower extremity amputations:,NA,0,1,,,,,,
1724,"CORR Insights®: Patient Characteristics, Treatment, and Presenting PROMIS Scores Associated with Number of Office Visits for Traumatic Hand and Wrist Conditions:",NA,0,1,,,,,,
1732,CORR insights®: Postoperative thromboprophylaxis with new oral anticoagulants is superior to LMWH in hip arthroplasty surgery: Findings from the Swedish registry:,NA,0,1,,,,,,
1742,CORR Insights®: Small Social Incentives Did Not Improve the Survey Response Rate of Patients Who Underwent Orthopaedic Surgery: A Randomized Trial:,NA,0,1,,,,,,
1746,CORR insights®: Surgical loupes worn by orthopaedic surgeons are a reservoir for microorganisms:,NA,0,1,,,,,,
1747,CORR Insights®: Temporary External Fixation Can Stabilize Hip Transposition Arthroplasty after Resection of Malignant Periacetabular Bone Tumors:,NA,0,1,,,,,,
1754,CORR Insights®: Tilt-adjusted Cup Anteversion in Patients with Severe Backward Pelvic Tilt is Associated with the Risk of Iliopsoas Impingement: A Three-dimensional Implantation Simulation:,NA,0,1,,,,,,
1755,CORR Insights®: Tissue Adhesive for Wound Closure Reduces Immediate Postoperative Wound Dressing Changes after Primary TKA: A Randomized Controlled Study in Simultaneous Bilateral TKA:,NA,0,1,,,,,,
1760,CORR insights®: Vascularized periosteal flaps accelerate osteointegration and revascularization of allografts in rats:,NA,0,1,,,,,,
1766,CORR insights®: What are the migration patterns for U.S. primary total joint arthroplasty patients?:,NA,0,1,,,,,,
1768,CORR Insights®: What Are the Uses and Limitations of Time-driven Activity-based Costing in Total Joint Replacement?:,NA,0,1,,,,,,
1779,CORR Insights®: What is the Likelihood That Tumor Endoprostheses Will Experience a Second Complication after First Revision in Patients with Primary Malignant Bone Tumors and What Are Potential Risk Factors?:,NA,0,1,,,,,,
1848,Cross-cultural Adaptation and Validation of the Simplified-Chinese Version of Neck Bournemouth Questionnaire for Patients in Mainland China:,NA,0,1,,,,,,
1869,Crucial structures:,NA,0,1,,,,,,
1878,Current Insights into the Potential Misuse of Platelet-based Applications for Doping in Sports:,NA,0,1,,,,,,
1903,Daily Step Counts for Measuring Physical Activity Exposure and Its Relation to Health:,NA,0,,1,,,,,
1991,Determining the Upper Limit of the Metabolic Steady State:,NA,0,1,,,,,,
1997,Developing common demographic data elements to include in future editions of the SCAT and Child SCAT: A modified international Delphi study:,NA,0,1,,,,,,
2099,Disparity among muscles: different levels of plasticity of cortical representation of different muscles revealed by transcranial magnetic stimulation:,NA,0,1,,,,,,
2178,Does 6 weeks of HIIT alter structural and functional cardiac and arterial stiffness in young adults?:,NA,0,1,,,,,,
2812,Epidemiology of ankle sprains and chronic ankle instability:,NA,0,1,,,,,,
2976,Exercising Choice and Control: A Qualitative Meta-synthesis of Perspectives of People With a Spinal Cord Injury:,NA,0,,1,,,,,
3146,Food-First Approach to Enhance the Regulation of Post-exercise Skeletal Muscle Protein Synthesis and Remodeling:,NA,0,,1,,,,,
3174,From atoms to physiology: what it takes to really understand inflammasomes:,NA,0,1,,,,,,
3181,From Hospital to Home to Participation: A Position Paper on Transition Planning Poststroke:,NA,0,1,,,,,,
3261,Gestational diabetes mellitus: a (nearly) perfect mouse model:,NA,0,1,,,,,,
3263,Getting back to football after having a total hip replacement (twice):,NA,0,1,,,,,,
3276,Global Orthopaedic Surgery: An Ethical Framework to Prioritize Surgical Capacity Building in Low and Middle-Income Countries:,NA,0,1,,,,,,
3501,How Often Do Orthopaedic Matched Case-Control Studies Use Matched Methods? A Review of Methodological Quality:,NA,0,,1,,,,,
3562,Imaging with ultrasound in physical therapy: What is the PT's scope of practice? A competency-based educational model and training recommendations:,NA,0,,1,,,,,
3669,Improving Walking Ability in People With Neurologic Conditions: A Theoretical Framework for Biomechanics-Driven Exercise Prescription:,NA,0,,1,,,,,
3697,Inactive runners or sedentary active individuals?:,NA,0,1,,,,,,
3755,Indeed association does not equal prediction: The never-ending search for the perfect acute:chronic workload ratio:,NA,0,1,,,,,,
3838,Injury prevention strategies specific to pre-elite athletes competing in Olympic and professional sports — A systematic review:,NA,0,,1,,,,,
3864,"Insulin at the Crossroads of Metabolic, Neurologic, and Vasculature Disease:",NA,0,,1,,,,,
3910,Intimate Partner Violence and Orthopaedics: AOA Critical Issues:,NA,0,,1,,,,,
4070,Johann Peter Frank (1745-1821) and the Pathogenesis of Back Pain:,NA,0,1,,,,,,
4084,K+ and the renin–angiotensin–aldosterone system: new insights into their role in blood pressure control and hypertension treatment:,NA,0,,1,,,,,
4127,Labral Repair Versus Biceps Tenodesis for Primary Surgical Management of Type II Superior Labrum Anterior to Posterior Tears: A Systematic Review:,NA,0,,1,,,,,
4520,Methodological approaches and related challenges associated with the determination of critical power and curvature constant:,NA,0,,1,,,,,
4529,Micro(RNA)-managing muscle wasting:,NA,0,,1,,,,,
4676,Movement for Movement: A practical insight into embedding physical activity into the undergraduate medical curriculum exemplified by Lancaster Medical School:,NA,0,1,,,,,,
4799,New Persistent Opioid Use Following Common Forefoot Procedures for the Treatment of Hallux Valgus:,NA,0,,1,,,,,
4869,Non-targeted metabolomics in sport and exercise science:,NA,0,,1,,,,,
4983,Optimising the ‘Mid-Stage’ Training and Testing Process After ACL Reconstruction:,NA,0,,1,,,,,
5078,Overuse injury: The result of pathologically altered myofascial force transmission?:,NA,0,,1,,,,,
5259,Personalised medicine in knee arthroplasty: we need more science!:,NA,0,1,,,,,,
5262,Perspectives and determinants for training-intensity distribution in elite endurance athletes:,NA,0,1,,,,,,
5299,Physical activity promotion in Australian physiotherapy practice: How do physiotherapists promote physical activity and what factors influence promotion? (PhD Academy Award):,NA,0,1,,,,,,
5300,Physical activity promotion in women with PTSD: What we need for progress:,NA,0,1,,,,,,
5360,Phytochemicals for Improving Aspects of Cognitive Function and Psychological State Potentially Relevant to Sports Performance:,NA,0,,1,,,,,
5530,Preface to the special issue: 50 years of FEPSAC:,NA,0,1,,,,,,
5709,Psychology of athletes' dual careers: A state-of-the-art critical review of the European discourse:,NA,0,,1,,,,,
5725,Pulmonary and Respiratory Muscle Function in Response to Marathon and Ultra-Marathon Running: A Review:,NA,0,,1,,,,,
6120,Risk Factors for Elbow and Shoulder Injuries in Adolescent Baseball Players: A Systematic Review:,NA,0,,1,,,,,
6123,Risk factors for lateral ankle sprains and chronic ankle instability:,NA,0,,1,,,,,
6265,Separating the myths from facts: Time to take another look at Osgood Schlatter € disease':,NA,0,1,,,,,,
6470,Spinal cord-level adaptations to resistance training: the ‘backbone’ of early strength gains?:,NA,0,1,,,,,,
6509,"Sports Injury Prevention is Complex: We Need to Invest in Better Processes, Not Singular Solutions:",NA,0,,1,,,,,
6512,Sports medicine highlights from other journals:,NA,0,1,,,,,,
6530,Standardizing Analytic Methods and Reporting in Activity Monitor Validation Studies:,NA,0,,1,,,,,
6671,Swiss sports and exercise medicine: Educate and activate:,NA,0,1,,,,,,
6709,Teammate influences on the eating attitudes and behaviours of athletes: A systematic review:,NA,0,,1,,,,,
7106,The importance of biomechanical properties in revision acromioclavicular joint stabilization: a scoping review:,NA,0,,1,,,,,
7108,The importance of nicotine use among winter sports athletes especially in skiers:,NA,0,1,,,,,,
7160,The intersection of athletic training and public health:,NA,0,1,,,,,,
7226,The overlooked role of fiber length in mechanical load-induced growth of skeletal muscle:,NA,0,1,,,,,,
7229,The passive mechanical properties of muscle:,NA,0,1,,,,,,
7262,"The Problems with ""the Problem withMagnitude-Based Inference'"":",NA,0,1,,,,,,
7279,"The Rehabilitation Treatment Specification System: Implications for Improvements in Research Design, Reporting, Replication, and Synthesis:",NA,0,1,,,,,,
7314,The Responsiveness of Patient- Reported Outcome Tools in Shoulder Surgery Is Dependent on the Underlying Pathological Condition:,NA,0,,1,,,,,
7451,These are the sprains of our lives:,NA,0,1,,,,,,
7501,Time-to-event analysis for sports injury research part 2: Time-varying outcomes:,NA,0,,1,,,,,
7577,Tranexamic Acid during Anterior Cruciate Ligament Reconstruction Reduced Drained Blood Volume on Day 1 and Hemarthrosis Up to Day 15 but Did Not Improve Clinical Outcomes at 3 Months:,NA,0,1,,,,,,
7617,Treatment of unstable knee osteochondritis dissecans in the young adult: results and limitations of surgical strategies—The advantages of allografts to address an osteochondral challenge:,NA,0,,1,,,,,
7618,Treatment options for the symptomatic post-meniscectomy knee:,NA,0,,1,,,,,
7621,Trefoil factor 2–C-X-C chemokine receptor 4-mediated calcium signalling is implicated in gastric epithelial restitution:,NA,0,1,,,,,,
7629,TRIC-A channels rock out alone while TRIC-B get high with a little help from their friends:,NA,0,1,,,,,,
7943,What Are the Implications of Alternative Alpha Thresholds for Hypothesis Testing in Orthopaedics?:,NA,0,1,,,,,,
7997,What Proportion of Women Who Received Funding to Attend a Ruth Jackson Orthopaedic Society Meeting Pursued a Career in Orthopaedics?:,NA,0,1,,,,,,
8006,What's Important: Appreciating Serendipity:,NA,0,1,,,,,,
8008,What's important: Burnout and well-being: Confessions of a slow learner:,NA,0,1,,,,,,
8024,What's New in Hip Replacement:,NA,0,1,,,,,,
8035,What's so special about lipid transport in the human placenta?:,NA,0,1,,,,,,
8047,Which criteria are used to clear patients to return to sport after primary ACL reconstruction?,NA,0,,1,,,,,
8066,Why not consider a sex factor within the ISO 11088 ski binding setting standard?:,NA,0,1,,,,,,